dataset,split,example_idx,setup_id,batch_idx,annotator_id,status,start
gsmarena,test,0,gpt-35,0,,finished,
gsmarena,test,1,gpt-35,1,,finished,
gsmarena,test,2,gpt-35,2,,finished,
gsmarena,test,3,gpt-35,3,,finished,
gsmarena,test,4,gpt-35,4,,finished,
gsmarena,test,5,gpt-35,5,,finished,
gsmarena,test,6,gpt-35,6,,finished,
gsmarena,test,7,gpt-35,7,,finished,
gsmarena,test,8,gpt-35,8,,finished,
gsmarena,test,9,gpt-35,9,,finished,
gsmarena,test,10,gpt-35,10,,finished,
gsmarena,test,11,gpt-35,11,,finished,
gsmarena,test,12,gpt-35,12,,finished,
gsmarena,test,13,gpt-35,13,,finished,
gsmarena,test,14,gpt-35,14,,finished,
gsmarena,test,15,gpt-35,15,,finished,
gsmarena,test,16,gpt-35,16,,finished,
gsmarena,test,17,gpt-35,17,,finished,
gsmarena,test,18,gpt-35,18,,finished,
gsmarena,test,19,gpt-35,19,,finished,
gsmarena,test,20,gpt-35,20,,finished,
gsmarena,test,21,gpt-35,21,,finished,
gsmarena,test,22,gpt-35,22,,finished,
gsmarena,test,23,gpt-35,23,,finished,
gsmarena,test,24,gpt-35,24,,finished,
gsmarena,test,25,gpt-35,25,,finished,
gsmarena,test,26,gpt-35,26,,finished,
gsmarena,test,27,gpt-35,27,,finished,
gsmarena,test,28,gpt-35,28,,finished,
gsmarena,test,29,gpt-35,29,,finished,
gsmarena,test,30,gpt-35,30,,finished,
gsmarena,test,31,gpt-35,31,,finished,
gsmarena,test,32,gpt-35,32,,finished,
gsmarena,test,33,gpt-35,33,,finished,
gsmarena,test,34,gpt-35,34,,finished,
gsmarena,test,35,gpt-35,35,,finished,
gsmarena,test,36,gpt-35,36,,finished,
gsmarena,test,37,gpt-35,37,,finished,
gsmarena,test,38,gpt-35,38,,finished,
gsmarena,test,39,gpt-35,39,,finished,
gsmarena,test,40,gpt-35,40,,finished,
gsmarena,test,41,gpt-35,41,,finished,
gsmarena,test,42,gpt-35,42,,finished,
gsmarena,test,43,gpt-35,43,,finished,
gsmarena,test,44,gpt-35,44,,finished,
gsmarena,test,45,gpt-35,45,,finished,
gsmarena,test,46,gpt-35,46,,finished,
gsmarena,test,47,gpt-35,47,,finished,
gsmarena,test,48,gpt-35,48,,finished,
gsmarena,test,49,gpt-35,49,,finished,
gsmarena,test,50,gpt-35,50,,finished,
gsmarena,test,51,gpt-35,51,,finished,
gsmarena,test,52,gpt-35,52,,finished,
gsmarena,test,53,gpt-35,53,,finished,
gsmarena,test,54,gpt-35,54,,finished,
gsmarena,test,55,gpt-35,55,,finished,
gsmarena,test,56,gpt-35,56,,finished,
gsmarena,test,57,gpt-35,57,,finished,
gsmarena,test,58,gpt-35,58,,finished,
gsmarena,test,59,gpt-35,59,,finished,
gsmarena,test,60,gpt-35,60,,finished,
gsmarena,test,61,gpt-35,61,,finished,
gsmarena,test,62,gpt-35,62,,finished,
gsmarena,test,63,gpt-35,63,,finished,
gsmarena,test,64,gpt-35,64,,finished,
gsmarena,test,65,gpt-35,65,,finished,
gsmarena,test,66,gpt-35,66,,finished,
gsmarena,test,67,gpt-35,67,,finished,
gsmarena,test,68,gpt-35,68,,finished,
gsmarena,test,69,gpt-35,69,,finished,
gsmarena,test,70,gpt-35,70,,finished,
gsmarena,test,71,gpt-35,71,,finished,
gsmarena,test,72,gpt-35,72,,finished,
gsmarena,test,73,gpt-35,73,,finished,
gsmarena,test,74,gpt-35,74,,finished,
gsmarena,test,75,gpt-35,75,,finished,
gsmarena,test,76,gpt-35,76,,finished,
gsmarena,test,77,gpt-35,77,,finished,
gsmarena,test,78,gpt-35,78,,finished,
gsmarena,test,79,gpt-35,79,,finished,
gsmarena,test,80,gpt-35,80,,finished,
gsmarena,test,81,gpt-35,81,,finished,
gsmarena,test,82,gpt-35,82,,finished,
gsmarena,test,83,gpt-35,83,,finished,
gsmarena,test,84,gpt-35,84,,finished,
gsmarena,test,85,gpt-35,85,,finished,
gsmarena,test,86,gpt-35,86,,finished,
gsmarena,test,87,gpt-35,87,,finished,
gsmarena,test,88,gpt-35,88,,finished,
gsmarena,test,89,gpt-35,89,,finished,
gsmarena,test,90,gpt-35,90,,finished,
gsmarena,test,91,gpt-35,91,,finished,
gsmarena,test,92,gpt-35,92,,finished,
gsmarena,test,93,gpt-35,93,,finished,
gsmarena,test,94,gpt-35,94,,finished,
gsmarena,test,95,gpt-35,95,,finished,
gsmarena,test,96,gpt-35,96,,finished,
gsmarena,test,97,gpt-35,97,,finished,
gsmarena,test,98,gpt-35,98,,finished,
gsmarena,test,99,gpt-35,99,,finished,
gsmarena,test,0,llama2,100,,finished,
gsmarena,test,1,llama2,101,,finished,
gsmarena,test,2,llama2,102,,finished,
gsmarena,test,3,llama2,103,,finished,
gsmarena,test,4,llama2,104,,finished,
gsmarena,test,5,llama2,105,,finished,
gsmarena,test,6,llama2,106,,finished,
gsmarena,test,7,llama2,107,,finished,
gsmarena,test,8,llama2,108,,finished,
gsmarena,test,9,llama2,109,,finished,
gsmarena,test,10,llama2,110,,finished,
gsmarena,test,11,llama2,111,,finished,
gsmarena,test,12,llama2,112,,finished,
gsmarena,test,13,llama2,113,,finished,
gsmarena,test,14,llama2,114,,finished,
gsmarena,test,15,llama2,115,,finished,
gsmarena,test,16,llama2,116,,finished,
gsmarena,test,17,llama2,117,,finished,
gsmarena,test,18,llama2,118,,finished,
gsmarena,test,19,llama2,119,,finished,
gsmarena,test,20,llama2,120,,finished,
gsmarena,test,21,llama2,121,,finished,
gsmarena,test,22,llama2,122,,finished,
gsmarena,test,23,llama2,123,,finished,
gsmarena,test,24,llama2,124,,finished,
gsmarena,test,25,llama2,125,,finished,
gsmarena,test,26,llama2,126,,finished,
gsmarena,test,27,llama2,127,,finished,
gsmarena,test,28,llama2,128,,finished,
gsmarena,test,29,llama2,129,,finished,
gsmarena,test,30,llama2,130,,finished,
gsmarena,test,31,llama2,131,,finished,
gsmarena,test,32,llama2,132,,finished,
gsmarena,test,33,llama2,133,,finished,
gsmarena,test,34,llama2,134,,finished,
gsmarena,test,35,llama2,135,,finished,
gsmarena,test,36,llama2,136,,finished,
gsmarena,test,37,llama2,137,,finished,
gsmarena,test,38,llama2,138,,finished,
gsmarena,test,39,llama2,139,,finished,
gsmarena,test,40,llama2,140,,finished,
gsmarena,test,41,llama2,141,,finished,
gsmarena,test,42,llama2,142,,finished,
gsmarena,test,43,llama2,143,,finished,
gsmarena,test,44,llama2,144,,finished,
gsmarena,test,45,llama2,145,,finished,
gsmarena,test,46,llama2,146,,finished,
gsmarena,test,47,llama2,147,,finished,
gsmarena,test,48,llama2,148,,finished,
gsmarena,test,49,llama2,149,,finished,
gsmarena,test,50,llama2,150,,finished,
gsmarena,test,51,llama2,151,,finished,
gsmarena,test,52,llama2,152,,finished,
gsmarena,test,53,llama2,153,,finished,
gsmarena,test,54,llama2,154,,finished,
gsmarena,test,55,llama2,155,,finished,
gsmarena,test,56,llama2,156,,finished,
gsmarena,test,57,llama2,157,,finished,
gsmarena,test,58,llama2,158,,finished,
gsmarena,test,59,llama2,159,,finished,
gsmarena,test,60,llama2,160,,finished,
gsmarena,test,61,llama2,161,,finished,
gsmarena,test,62,llama2,162,,finished,
gsmarena,test,63,llama2,163,,finished,
gsmarena,test,64,llama2,164,,finished,
gsmarena,test,65,llama2,165,,finished,
gsmarena,test,66,llama2,166,,finished,
gsmarena,test,67,llama2,167,,finished,
gsmarena,test,68,llama2,168,,finished,
gsmarena,test,69,llama2,169,,finished,
gsmarena,test,70,llama2,170,,finished,
gsmarena,test,71,llama2,171,,finished,
gsmarena,test,72,llama2,172,,finished,
gsmarena,test,73,llama2,173,,finished,
gsmarena,test,74,llama2,174,,finished,
gsmarena,test,75,llama2,175,,finished,
gsmarena,test,76,llama2,176,,finished,
gsmarena,test,77,llama2,177,,finished,
gsmarena,test,78,llama2,178,,finished,
gsmarena,test,79,llama2,179,,finished,
gsmarena,test,80,llama2,180,,finished,
gsmarena,test,81,llama2,181,,finished,
gsmarena,test,82,llama2,182,,finished,
gsmarena,test,83,llama2,183,,finished,
gsmarena,test,84,llama2,184,,finished,
gsmarena,test,85,llama2,185,,finished,
gsmarena,test,86,llama2,186,,finished,
gsmarena,test,87,llama2,187,,finished,
gsmarena,test,88,llama2,188,,finished,
gsmarena,test,89,llama2,189,,finished,
gsmarena,test,90,llama2,190,,finished,
gsmarena,test,91,llama2,191,,finished,
gsmarena,test,92,llama2,192,,finished,
gsmarena,test,93,llama2,193,,finished,
gsmarena,test,94,llama2,194,,finished,
gsmarena,test,95,llama2,195,,finished,
gsmarena,test,96,llama2,196,,finished,
gsmarena,test,97,llama2,197,,finished,
gsmarena,test,98,llama2,198,,finished,
gsmarena,test,99,llama2,199,,finished,
gsmarena,test,0,mistral,200,,finished,
gsmarena,test,1,mistral,201,,finished,
gsmarena,test,2,mistral,202,,finished,
gsmarena,test,3,mistral,203,,finished,
gsmarena,test,4,mistral,204,,finished,
gsmarena,test,5,mistral,205,,finished,
gsmarena,test,6,mistral,206,,finished,
gsmarena,test,7,mistral,207,,finished,
gsmarena,test,8,mistral,208,,finished,
gsmarena,test,9,mistral,209,,finished,
gsmarena,test,10,mistral,210,,finished,
gsmarena,test,11,mistral,211,,finished,
gsmarena,test,12,mistral,212,,finished,
gsmarena,test,13,mistral,213,,finished,
gsmarena,test,14,mistral,214,,finished,
gsmarena,test,15,mistral,215,,finished,
gsmarena,test,16,mistral,216,,finished,
gsmarena,test,17,mistral,217,,finished,
gsmarena,test,18,mistral,218,,finished,
gsmarena,test,19,mistral,219,,finished,
gsmarena,test,20,mistral,220,,finished,
gsmarena,test,21,mistral,221,,finished,
gsmarena,test,22,mistral,222,,finished,
gsmarena,test,23,mistral,223,,finished,
gsmarena,test,24,mistral,224,,finished,
gsmarena,test,25,mistral,225,,finished,
gsmarena,test,26,mistral,226,,finished,
gsmarena,test,27,mistral,227,,finished,
gsmarena,test,28,mistral,228,,finished,
gsmarena,test,29,mistral,229,,finished,
gsmarena,test,30,mistral,230,,finished,
gsmarena,test,31,mistral,231,,finished,
gsmarena,test,32,mistral,232,,finished,
gsmarena,test,33,mistral,233,,finished,
gsmarena,test,34,mistral,234,,finished,
gsmarena,test,35,mistral,235,,finished,
gsmarena,test,36,mistral,236,,finished,
gsmarena,test,37,mistral,237,,finished,
gsmarena,test,38,mistral,238,,finished,
gsmarena,test,39,mistral,239,,finished,
gsmarena,test,40,mistral,240,,finished,
gsmarena,test,41,mistral,241,,finished,
gsmarena,test,42,mistral,242,,finished,
gsmarena,test,43,mistral,243,,finished,
gsmarena,test,44,mistral,244,,finished,
gsmarena,test,45,mistral,245,,finished,
gsmarena,test,46,mistral,246,,finished,
gsmarena,test,47,mistral,247,,finished,
gsmarena,test,48,mistral,248,,finished,
gsmarena,test,49,mistral,249,,finished,
gsmarena,test,50,mistral,250,,finished,
gsmarena,test,51,mistral,251,,finished,
gsmarena,test,52,mistral,252,,finished,
gsmarena,test,53,mistral,253,,finished,
gsmarena,test,54,mistral,254,,finished,
gsmarena,test,55,mistral,255,,finished,
gsmarena,test,56,mistral,256,,finished,
gsmarena,test,57,mistral,257,,finished,
gsmarena,test,58,mistral,258,,finished,
gsmarena,test,59,mistral,259,,finished,
gsmarena,test,60,mistral,260,,finished,
gsmarena,test,61,mistral,261,,finished,
gsmarena,test,62,mistral,262,,finished,
gsmarena,test,63,mistral,263,,finished,
gsmarena,test,64,mistral,264,,finished,
gsmarena,test,65,mistral,265,,finished,
gsmarena,test,66,mistral,266,,finished,
gsmarena,test,67,mistral,267,,finished,
gsmarena,test,68,mistral,268,,finished,
gsmarena,test,69,mistral,269,,finished,
gsmarena,test,70,mistral,270,,finished,
gsmarena,test,71,mistral,271,,finished,
gsmarena,test,72,mistral,272,,finished,
gsmarena,test,73,mistral,273,,finished,
gsmarena,test,74,mistral,274,,finished,
gsmarena,test,75,mistral,275,,finished,
gsmarena,test,76,mistral,276,,finished,
gsmarena,test,77,mistral,277,,finished,
gsmarena,test,78,mistral,278,,finished,
gsmarena,test,79,mistral,279,,finished,
gsmarena,test,80,mistral,280,,finished,
gsmarena,test,81,mistral,281,,finished,
gsmarena,test,82,mistral,282,,finished,
gsmarena,test,83,mistral,283,,finished,
gsmarena,test,84,mistral,284,,finished,
gsmarena,test,85,mistral,285,,finished,
gsmarena,test,86,mistral,286,,finished,
gsmarena,test,87,mistral,287,,finished,
gsmarena,test,88,mistral,288,,finished,
gsmarena,test,89,mistral,289,,finished,
gsmarena,test,90,mistral,290,,finished,
gsmarena,test,91,mistral,291,,finished,
gsmarena,test,92,mistral,292,,finished,
gsmarena,test,93,mistral,293,,finished,
gsmarena,test,94,mistral,294,,finished,
gsmarena,test,95,mistral,295,,finished,
gsmarena,test,96,mistral,296,,finished,
gsmarena,test,97,mistral,297,,finished,
gsmarena,test,98,mistral,298,,finished,
gsmarena,test,99,mistral,299,,finished,
gsmarena,test,0,zephyr,300,,finished,
gsmarena,test,1,zephyr,301,,finished,
gsmarena,test,2,zephyr,302,,finished,
gsmarena,test,3,zephyr,303,,finished,
gsmarena,test,4,zephyr,304,,finished,
gsmarena,test,5,zephyr,305,,finished,
gsmarena,test,6,zephyr,306,,finished,
gsmarena,test,7,zephyr,307,,finished,
gsmarena,test,8,zephyr,308,,finished,
gsmarena,test,9,zephyr,309,,finished,
gsmarena,test,10,zephyr,310,,finished,
gsmarena,test,11,zephyr,311,,finished,
gsmarena,test,12,zephyr,312,,finished,
gsmarena,test,13,zephyr,313,,finished,
gsmarena,test,14,zephyr,314,,finished,
gsmarena,test,15,zephyr,315,,finished,
gsmarena,test,16,zephyr,316,,finished,
gsmarena,test,17,zephyr,317,,finished,
gsmarena,test,18,zephyr,318,,finished,
gsmarena,test,19,zephyr,319,,finished,
gsmarena,test,20,zephyr,320,,finished,
gsmarena,test,21,zephyr,321,,finished,
gsmarena,test,22,zephyr,322,,finished,
gsmarena,test,23,zephyr,323,,finished,
gsmarena,test,24,zephyr,324,,finished,
gsmarena,test,25,zephyr,325,,finished,
gsmarena,test,26,zephyr,326,,finished,
gsmarena,test,27,zephyr,327,,finished,
gsmarena,test,28,zephyr,328,,finished,
gsmarena,test,29,zephyr,329,,finished,
gsmarena,test,30,zephyr,330,,finished,
gsmarena,test,31,zephyr,331,,finished,
gsmarena,test,32,zephyr,332,,finished,
gsmarena,test,33,zephyr,333,,finished,
gsmarena,test,34,zephyr,334,,finished,
gsmarena,test,35,zephyr,335,,finished,
gsmarena,test,36,zephyr,336,,finished,
gsmarena,test,37,zephyr,337,,finished,
gsmarena,test,38,zephyr,338,,finished,
gsmarena,test,39,zephyr,339,,finished,
gsmarena,test,40,zephyr,340,,finished,
gsmarena,test,41,zephyr,341,,finished,
gsmarena,test,42,zephyr,342,,finished,
gsmarena,test,43,zephyr,343,,finished,
gsmarena,test,44,zephyr,344,,finished,
gsmarena,test,45,zephyr,345,,finished,
gsmarena,test,46,zephyr,346,,finished,
gsmarena,test,47,zephyr,347,,finished,
gsmarena,test,48,zephyr,348,,finished,
gsmarena,test,49,zephyr,349,,finished,
gsmarena,test,50,zephyr,350,,finished,
gsmarena,test,51,zephyr,351,,finished,
gsmarena,test,52,zephyr,352,,finished,
gsmarena,test,53,zephyr,353,,finished,
gsmarena,test,54,zephyr,354,,finished,
gsmarena,test,55,zephyr,355,,finished,
gsmarena,test,56,zephyr,356,,finished,
gsmarena,test,57,zephyr,357,,finished,
gsmarena,test,58,zephyr,358,,finished,
gsmarena,test,59,zephyr,359,,finished,
gsmarena,test,60,zephyr,360,,finished,
gsmarena,test,61,zephyr,361,,finished,
gsmarena,test,62,zephyr,362,,finished,
gsmarena,test,63,zephyr,363,,finished,
gsmarena,test,64,zephyr,364,,finished,
gsmarena,test,65,zephyr,365,,finished,
gsmarena,test,66,zephyr,366,,finished,
gsmarena,test,67,zephyr,367,,finished,
gsmarena,test,68,zephyr,368,,finished,
gsmarena,test,69,zephyr,369,,finished,
gsmarena,test,70,zephyr,370,,finished,
gsmarena,test,71,zephyr,371,,finished,
gsmarena,test,72,zephyr,372,,finished,
gsmarena,test,73,zephyr,373,,finished,
gsmarena,test,74,zephyr,374,,finished,
gsmarena,test,75,zephyr,375,,finished,
gsmarena,test,76,zephyr,376,,finished,
gsmarena,test,77,zephyr,377,,finished,
gsmarena,test,78,zephyr,378,,finished,
gsmarena,test,79,zephyr,379,,finished,
gsmarena,test,80,zephyr,380,,finished,
gsmarena,test,81,zephyr,381,,finished,
gsmarena,test,82,zephyr,382,,finished,
gsmarena,test,83,zephyr,383,,finished,
gsmarena,test,84,zephyr,384,,finished,
gsmarena,test,85,zephyr,385,,finished,
gsmarena,test,86,zephyr,386,,finished,
gsmarena,test,87,zephyr,387,,finished,
gsmarena,test,88,zephyr,388,,finished,
gsmarena,test,89,zephyr,389,,finished,
gsmarena,test,90,zephyr,390,,finished,
gsmarena,test,91,zephyr,391,,finished,
gsmarena,test,92,zephyr,392,,finished,
gsmarena,test,93,zephyr,393,,finished,
gsmarena,test,94,zephyr,394,,finished,
gsmarena,test,95,zephyr,395,,finished,
gsmarena,test,96,zephyr,396,,finished,
gsmarena,test,97,zephyr,397,,finished,
gsmarena,test,98,zephyr,398,,finished,
gsmarena,test,99,zephyr,399,,finished,
ice_hockey,test,0,gpt-35,400,,finished,
ice_hockey,test,1,gpt-35,401,,finished,
ice_hockey,test,2,gpt-35,402,,finished,
ice_hockey,test,3,gpt-35,403,,finished,
ice_hockey,test,4,gpt-35,404,,finished,
ice_hockey,test,5,gpt-35,405,,finished,
ice_hockey,test,6,gpt-35,406,,finished,
ice_hockey,test,7,gpt-35,407,,finished,
ice_hockey,test,8,gpt-35,408,,finished,
ice_hockey,test,9,gpt-35,409,,finished,
ice_hockey,test,10,gpt-35,410,,finished,
ice_hockey,test,11,gpt-35,411,,finished,
ice_hockey,test,12,gpt-35,412,,finished,
ice_hockey,test,13,gpt-35,413,,finished,
ice_hockey,test,14,gpt-35,414,,finished,
ice_hockey,test,15,gpt-35,415,,finished,
ice_hockey,test,16,gpt-35,416,,finished,
ice_hockey,test,17,gpt-35,417,,finished,
ice_hockey,test,18,gpt-35,418,,finished,
ice_hockey,test,19,gpt-35,419,,finished,
ice_hockey,test,20,gpt-35,420,,finished,
ice_hockey,test,21,gpt-35,421,,finished,
ice_hockey,test,22,gpt-35,422,,finished,
ice_hockey,test,23,gpt-35,423,,finished,
ice_hockey,test,24,gpt-35,424,,finished,
ice_hockey,test,25,gpt-35,425,,finished,
ice_hockey,test,26,gpt-35,426,,finished,
ice_hockey,test,27,gpt-35,427,,finished,
ice_hockey,test,28,gpt-35,428,,finished,
ice_hockey,test,29,gpt-35,429,,finished,
ice_hockey,test,30,gpt-35,430,,finished,
ice_hockey,test,31,gpt-35,431,,finished,
ice_hockey,test,32,gpt-35,432,,finished,
ice_hockey,test,33,gpt-35,433,,finished,
ice_hockey,test,34,gpt-35,434,,finished,
ice_hockey,test,35,gpt-35,435,,finished,
ice_hockey,test,36,gpt-35,436,,finished,
ice_hockey,test,37,gpt-35,437,,finished,
ice_hockey,test,38,gpt-35,438,,finished,
ice_hockey,test,39,gpt-35,439,,finished,
ice_hockey,test,40,gpt-35,440,,finished,
ice_hockey,test,41,gpt-35,441,,finished,
ice_hockey,test,42,gpt-35,442,,finished,
ice_hockey,test,43,gpt-35,443,,finished,
ice_hockey,test,44,gpt-35,444,,finished,
ice_hockey,test,45,gpt-35,445,,finished,
ice_hockey,test,46,gpt-35,446,,finished,
ice_hockey,test,47,gpt-35,447,,finished,
ice_hockey,test,48,gpt-35,448,,finished,
ice_hockey,test,49,gpt-35,449,,finished,
ice_hockey,test,50,gpt-35,450,,finished,
ice_hockey,test,51,gpt-35,451,,finished,
ice_hockey,test,52,gpt-35,452,,finished,
ice_hockey,test,53,gpt-35,453,,finished,
ice_hockey,test,54,gpt-35,454,,finished,
ice_hockey,test,55,gpt-35,455,,finished,
ice_hockey,test,56,gpt-35,456,,finished,
ice_hockey,test,57,gpt-35,457,,finished,
ice_hockey,test,58,gpt-35,458,,finished,
ice_hockey,test,59,gpt-35,459,,finished,
ice_hockey,test,60,gpt-35,460,,finished,
ice_hockey,test,61,gpt-35,461,,finished,
ice_hockey,test,62,gpt-35,462,,finished,
ice_hockey,test,63,gpt-35,463,,finished,
ice_hockey,test,64,gpt-35,464,,finished,
ice_hockey,test,65,gpt-35,465,,finished,
ice_hockey,test,66,gpt-35,466,,finished,
ice_hockey,test,67,gpt-35,467,,finished,
ice_hockey,test,68,gpt-35,468,,finished,
ice_hockey,test,69,gpt-35,469,,finished,
ice_hockey,test,70,gpt-35,470,,finished,
ice_hockey,test,71,gpt-35,471,,finished,
ice_hockey,test,72,gpt-35,472,,finished,
ice_hockey,test,73,gpt-35,473,,finished,
ice_hockey,test,74,gpt-35,474,,finished,
ice_hockey,test,75,gpt-35,475,,finished,
ice_hockey,test,76,gpt-35,476,,finished,
ice_hockey,test,77,gpt-35,477,,finished,
ice_hockey,test,78,gpt-35,478,,finished,
ice_hockey,test,79,gpt-35,479,,finished,
ice_hockey,test,80,gpt-35,480,,finished,
ice_hockey,test,81,gpt-35,481,,finished,
ice_hockey,test,82,gpt-35,482,,finished,
ice_hockey,test,83,gpt-35,483,,finished,
ice_hockey,test,84,gpt-35,484,,finished,
ice_hockey,test,85,gpt-35,485,,finished,
ice_hockey,test,86,gpt-35,486,,finished,
ice_hockey,test,87,gpt-35,487,,finished,
ice_hockey,test,88,gpt-35,488,,finished,
ice_hockey,test,89,gpt-35,489,,finished,
ice_hockey,test,90,gpt-35,490,,finished,
ice_hockey,test,91,gpt-35,491,,finished,
ice_hockey,test,92,gpt-35,492,,finished,
ice_hockey,test,93,gpt-35,493,,finished,
ice_hockey,test,94,gpt-35,494,,finished,
ice_hockey,test,95,gpt-35,495,,finished,
ice_hockey,test,96,gpt-35,496,,finished,
ice_hockey,test,97,gpt-35,497,,finished,
ice_hockey,test,98,gpt-35,498,,finished,
ice_hockey,test,99,gpt-35,499,,finished,
ice_hockey,test,0,llama2,500,,finished,
ice_hockey,test,1,llama2,501,,finished,
ice_hockey,test,2,llama2,502,,finished,
ice_hockey,test,3,llama2,503,,finished,
ice_hockey,test,4,llama2,504,,finished,
ice_hockey,test,5,llama2,505,,finished,
ice_hockey,test,6,llama2,506,,finished,
ice_hockey,test,7,llama2,507,,finished,
ice_hockey,test,8,llama2,508,,finished,
ice_hockey,test,9,llama2,509,,finished,
ice_hockey,test,10,llama2,510,,finished,
ice_hockey,test,11,llama2,511,,finished,
ice_hockey,test,12,llama2,512,,finished,
ice_hockey,test,13,llama2,513,,finished,
ice_hockey,test,14,llama2,514,,finished,
ice_hockey,test,15,llama2,515,,finished,
ice_hockey,test,16,llama2,516,,finished,
ice_hockey,test,17,llama2,517,,finished,
ice_hockey,test,18,llama2,518,,finished,
ice_hockey,test,19,llama2,519,,finished,
ice_hockey,test,20,llama2,520,,finished,
ice_hockey,test,21,llama2,521,,finished,
ice_hockey,test,22,llama2,522,,finished,
ice_hockey,test,23,llama2,523,,finished,
ice_hockey,test,24,llama2,524,,finished,
ice_hockey,test,25,llama2,525,,finished,
ice_hockey,test,26,llama2,526,,finished,
ice_hockey,test,27,llama2,527,,finished,
ice_hockey,test,28,llama2,528,,finished,
ice_hockey,test,29,llama2,529,,finished,
ice_hockey,test,30,llama2,530,,finished,
ice_hockey,test,31,llama2,531,,finished,
ice_hockey,test,32,llama2,532,,finished,
ice_hockey,test,33,llama2,533,,finished,
ice_hockey,test,34,llama2,534,,finished,
ice_hockey,test,35,llama2,535,,finished,
ice_hockey,test,36,llama2,536,,finished,
ice_hockey,test,37,llama2,537,,finished,
ice_hockey,test,38,llama2,538,,finished,
ice_hockey,test,39,llama2,539,,finished,
ice_hockey,test,40,llama2,540,,finished,
ice_hockey,test,41,llama2,541,,finished,
ice_hockey,test,42,llama2,542,,finished,
ice_hockey,test,43,llama2,543,,finished,
ice_hockey,test,44,llama2,544,,finished,
ice_hockey,test,45,llama2,545,,finished,
ice_hockey,test,46,llama2,546,,finished,
ice_hockey,test,47,llama2,547,,finished,
ice_hockey,test,48,llama2,548,,finished,
ice_hockey,test,49,llama2,549,,finished,
ice_hockey,test,50,llama2,550,,finished,
ice_hockey,test,51,llama2,551,,finished,
ice_hockey,test,52,llama2,552,,finished,
ice_hockey,test,53,llama2,553,,finished,
ice_hockey,test,54,llama2,554,,finished,
ice_hockey,test,55,llama2,555,,finished,
ice_hockey,test,56,llama2,556,,finished,
ice_hockey,test,57,llama2,557,,finished,
ice_hockey,test,58,llama2,558,,finished,
ice_hockey,test,59,llama2,559,,finished,
ice_hockey,test,60,llama2,560,,finished,
ice_hockey,test,61,llama2,561,,finished,
ice_hockey,test,62,llama2,562,,finished,
ice_hockey,test,63,llama2,563,,finished,
ice_hockey,test,64,llama2,564,,finished,
ice_hockey,test,65,llama2,565,,finished,
ice_hockey,test,66,llama2,566,,finished,
ice_hockey,test,67,llama2,567,,finished,
ice_hockey,test,68,llama2,568,,finished,
ice_hockey,test,69,llama2,569,,finished,
ice_hockey,test,70,llama2,570,,finished,
ice_hockey,test,71,llama2,571,,finished,
ice_hockey,test,72,llama2,572,,finished,
ice_hockey,test,73,llama2,573,,finished,
ice_hockey,test,74,llama2,574,,finished,
ice_hockey,test,75,llama2,575,,finished,
ice_hockey,test,76,llama2,576,,finished,
ice_hockey,test,77,llama2,577,,finished,
ice_hockey,test,78,llama2,578,,finished,
ice_hockey,test,79,llama2,579,,finished,
ice_hockey,test,80,llama2,580,,finished,
ice_hockey,test,81,llama2,581,,finished,
ice_hockey,test,82,llama2,582,,finished,
ice_hockey,test,83,llama2,583,,finished,
ice_hockey,test,84,llama2,584,,finished,
ice_hockey,test,85,llama2,585,,finished,
ice_hockey,test,86,llama2,586,,finished,
ice_hockey,test,87,llama2,587,,finished,
ice_hockey,test,88,llama2,588,,finished,
ice_hockey,test,89,llama2,589,,finished,
ice_hockey,test,90,llama2,590,,finished,
ice_hockey,test,91,llama2,591,,finished,
ice_hockey,test,92,llama2,592,,finished,
ice_hockey,test,93,llama2,593,,finished,
ice_hockey,test,94,llama2,594,,finished,
ice_hockey,test,95,llama2,595,,finished,
ice_hockey,test,96,llama2,596,,finished,
ice_hockey,test,97,llama2,597,,finished,
ice_hockey,test,98,llama2,598,,finished,
ice_hockey,test,99,llama2,599,,finished,
ice_hockey,test,0,mistral,600,,finished,
ice_hockey,test,1,mistral,601,,finished,
ice_hockey,test,2,mistral,602,,finished,
ice_hockey,test,3,mistral,603,,finished,
ice_hockey,test,4,mistral,604,,finished,
ice_hockey,test,5,mistral,605,,finished,
ice_hockey,test,6,mistral,606,,finished,
ice_hockey,test,7,mistral,607,,finished,
ice_hockey,test,8,mistral,608,,finished,
ice_hockey,test,9,mistral,609,,finished,
ice_hockey,test,10,mistral,610,,finished,
ice_hockey,test,11,mistral,611,,finished,
ice_hockey,test,12,mistral,612,,finished,
ice_hockey,test,13,mistral,613,,finished,
ice_hockey,test,14,mistral,614,,finished,
ice_hockey,test,15,mistral,615,,finished,
ice_hockey,test,16,mistral,616,,finished,
ice_hockey,test,17,mistral,617,,finished,
ice_hockey,test,18,mistral,618,,finished,
ice_hockey,test,19,mistral,619,,finished,
ice_hockey,test,20,mistral,620,,finished,
ice_hockey,test,21,mistral,621,,finished,
ice_hockey,test,22,mistral,622,,finished,
ice_hockey,test,23,mistral,623,,finished,
ice_hockey,test,24,mistral,624,,finished,
ice_hockey,test,25,mistral,625,,finished,
ice_hockey,test,26,mistral,626,,finished,
ice_hockey,test,27,mistral,627,,finished,
ice_hockey,test,28,mistral,628,,finished,
ice_hockey,test,29,mistral,629,,finished,
ice_hockey,test,30,mistral,630,,finished,
ice_hockey,test,31,mistral,631,,finished,
ice_hockey,test,32,mistral,632,,finished,
ice_hockey,test,33,mistral,633,,finished,
ice_hockey,test,34,mistral,634,,finished,
ice_hockey,test,35,mistral,635,,finished,
ice_hockey,test,36,mistral,636,,finished,
ice_hockey,test,37,mistral,637,,finished,
ice_hockey,test,38,mistral,638,,finished,
ice_hockey,test,39,mistral,639,,finished,
ice_hockey,test,40,mistral,640,,finished,
ice_hockey,test,41,mistral,641,,finished,
ice_hockey,test,42,mistral,642,,finished,
ice_hockey,test,43,mistral,643,,finished,
ice_hockey,test,44,mistral,644,,finished,
ice_hockey,test,45,mistral,645,,finished,
ice_hockey,test,46,mistral,646,,finished,
ice_hockey,test,47,mistral,647,,finished,
ice_hockey,test,48,mistral,648,,finished,
ice_hockey,test,49,mistral,649,,finished,
ice_hockey,test,50,mistral,650,,finished,
ice_hockey,test,51,mistral,651,,finished,
ice_hockey,test,52,mistral,652,,finished,
ice_hockey,test,53,mistral,653,,finished,
ice_hockey,test,54,mistral,654,,finished,
ice_hockey,test,55,mistral,655,,finished,
ice_hockey,test,56,mistral,656,,finished,
ice_hockey,test,57,mistral,657,,finished,
ice_hockey,test,58,mistral,658,,finished,
ice_hockey,test,59,mistral,659,,finished,
ice_hockey,test,60,mistral,660,,finished,
ice_hockey,test,61,mistral,661,,finished,
ice_hockey,test,62,mistral,662,,finished,
ice_hockey,test,63,mistral,663,,finished,
ice_hockey,test,64,mistral,664,,finished,
ice_hockey,test,65,mistral,665,,finished,
ice_hockey,test,66,mistral,666,,finished,
ice_hockey,test,67,mistral,667,,finished,
ice_hockey,test,68,mistral,668,,finished,
ice_hockey,test,69,mistral,669,,finished,
ice_hockey,test,70,mistral,670,,finished,
ice_hockey,test,71,mistral,671,,finished,
ice_hockey,test,72,mistral,672,,finished,
ice_hockey,test,73,mistral,673,,finished,
ice_hockey,test,74,mistral,674,,finished,
ice_hockey,test,75,mistral,675,,finished,
ice_hockey,test,76,mistral,676,,finished,
ice_hockey,test,77,mistral,677,,finished,
ice_hockey,test,78,mistral,678,,finished,
ice_hockey,test,79,mistral,679,,finished,
ice_hockey,test,80,mistral,680,,finished,
ice_hockey,test,81,mistral,681,,finished,
ice_hockey,test,82,mistral,682,,finished,
ice_hockey,test,83,mistral,683,,finished,
ice_hockey,test,84,mistral,684,,finished,
ice_hockey,test,85,mistral,685,,finished,
ice_hockey,test,86,mistral,686,,finished,
ice_hockey,test,87,mistral,687,,finished,
ice_hockey,test,88,mistral,688,,finished,
ice_hockey,test,89,mistral,689,,finished,
ice_hockey,test,90,mistral,690,,finished,
ice_hockey,test,91,mistral,691,,finished,
ice_hockey,test,92,mistral,692,,finished,
ice_hockey,test,93,mistral,693,,finished,
ice_hockey,test,94,mistral,694,,finished,
ice_hockey,test,95,mistral,695,,finished,
ice_hockey,test,96,mistral,696,,finished,
ice_hockey,test,97,mistral,697,,finished,
ice_hockey,test,98,mistral,698,,finished,
ice_hockey,test,99,mistral,699,,finished,
ice_hockey,test,0,zephyr,700,,finished,
ice_hockey,test,1,zephyr,701,,finished,
ice_hockey,test,2,zephyr,702,,finished,
ice_hockey,test,3,zephyr,703,,finished,
ice_hockey,test,4,zephyr,704,,finished,
ice_hockey,test,5,zephyr,705,,finished,
ice_hockey,test,6,zephyr,706,,finished,
ice_hockey,test,7,zephyr,707,,finished,
ice_hockey,test,8,zephyr,708,,finished,
ice_hockey,test,9,zephyr,709,,finished,
ice_hockey,test,10,zephyr,710,,finished,
ice_hockey,test,11,zephyr,711,,finished,
ice_hockey,test,12,zephyr,712,,finished,
ice_hockey,test,13,zephyr,713,,finished,
ice_hockey,test,14,zephyr,714,,finished,
ice_hockey,test,15,zephyr,715,,finished,
ice_hockey,test,16,zephyr,716,,finished,
ice_hockey,test,17,zephyr,717,,finished,
ice_hockey,test,18,zephyr,718,,finished,
ice_hockey,test,19,zephyr,719,,finished,
ice_hockey,test,20,zephyr,720,,finished,
ice_hockey,test,21,zephyr,721,,finished,
ice_hockey,test,22,zephyr,722,,finished,
ice_hockey,test,23,zephyr,723,,finished,
ice_hockey,test,24,zephyr,724,,finished,
ice_hockey,test,25,zephyr,725,,finished,
ice_hockey,test,26,zephyr,726,,finished,
ice_hockey,test,27,zephyr,727,,finished,
ice_hockey,test,28,zephyr,728,,finished,
ice_hockey,test,29,zephyr,729,,finished,
ice_hockey,test,30,zephyr,730,,finished,
ice_hockey,test,31,zephyr,731,,finished,
ice_hockey,test,32,zephyr,732,,finished,
ice_hockey,test,33,zephyr,733,,finished,
ice_hockey,test,34,zephyr,734,,finished,
ice_hockey,test,35,zephyr,735,,finished,
ice_hockey,test,36,zephyr,736,,finished,
ice_hockey,test,37,zephyr,737,,finished,
ice_hockey,test,38,zephyr,738,,finished,
ice_hockey,test,39,zephyr,739,,finished,
ice_hockey,test,40,zephyr,740,,finished,
ice_hockey,test,41,zephyr,741,,finished,
ice_hockey,test,42,zephyr,742,,finished,
ice_hockey,test,43,zephyr,743,,finished,
ice_hockey,test,44,zephyr,744,,finished,
ice_hockey,test,45,zephyr,745,,finished,
ice_hockey,test,46,zephyr,746,,finished,
ice_hockey,test,47,zephyr,747,,finished,
ice_hockey,test,48,zephyr,748,,finished,
ice_hockey,test,49,zephyr,749,,finished,
ice_hockey,test,50,zephyr,750,,finished,
ice_hockey,test,51,zephyr,751,,finished,
ice_hockey,test,52,zephyr,752,,finished,
ice_hockey,test,53,zephyr,753,,finished,
ice_hockey,test,54,zephyr,754,,finished,
ice_hockey,test,55,zephyr,755,,finished,
ice_hockey,test,56,zephyr,756,,finished,
ice_hockey,test,57,zephyr,757,,finished,
ice_hockey,test,58,zephyr,758,,finished,
ice_hockey,test,59,zephyr,759,,finished,
ice_hockey,test,60,zephyr,760,,finished,
ice_hockey,test,61,zephyr,761,,finished,
ice_hockey,test,62,zephyr,762,,finished,
ice_hockey,test,63,zephyr,763,,finished,
ice_hockey,test,64,zephyr,764,,finished,
ice_hockey,test,65,zephyr,765,,finished,
ice_hockey,test,66,zephyr,766,,finished,
ice_hockey,test,67,zephyr,767,,finished,
ice_hockey,test,68,zephyr,768,,finished,
ice_hockey,test,69,zephyr,769,,finished,
ice_hockey,test,70,zephyr,770,,finished,
ice_hockey,test,71,zephyr,771,,finished,
ice_hockey,test,72,zephyr,772,,finished,
ice_hockey,test,73,zephyr,773,,finished,
ice_hockey,test,74,zephyr,774,,finished,
ice_hockey,test,75,zephyr,775,,finished,
ice_hockey,test,76,zephyr,776,,finished,
ice_hockey,test,77,zephyr,777,,finished,
ice_hockey,test,78,zephyr,778,,finished,
ice_hockey,test,79,zephyr,779,,finished,
ice_hockey,test,80,zephyr,780,,finished,
ice_hockey,test,81,zephyr,781,,finished,
ice_hockey,test,82,zephyr,782,,finished,
ice_hockey,test,83,zephyr,783,,finished,
ice_hockey,test,84,zephyr,784,,finished,
ice_hockey,test,85,zephyr,785,,finished,
ice_hockey,test,86,zephyr,786,,finished,
ice_hockey,test,87,zephyr,787,,finished,
ice_hockey,test,88,zephyr,788,,finished,
ice_hockey,test,89,zephyr,789,,finished,
ice_hockey,test,90,zephyr,790,,finished,
ice_hockey,test,91,zephyr,791,,finished,
ice_hockey,test,92,zephyr,792,,finished,
ice_hockey,test,93,zephyr,793,,finished,
ice_hockey,test,94,zephyr,794,,finished,
ice_hockey,test,95,zephyr,795,,finished,
ice_hockey,test,96,zephyr,796,,finished,
ice_hockey,test,97,zephyr,797,,finished,
ice_hockey,test,98,zephyr,798,,finished,
ice_hockey,test,99,zephyr,799,,finished,
openweather,test,0,gpt-35,800,,finished,
openweather,test,1,gpt-35,801,,finished,
openweather,test,2,gpt-35,802,,finished,
openweather,test,3,gpt-35,803,,finished,
openweather,test,4,gpt-35,804,,finished,
openweather,test,5,gpt-35,805,,finished,
openweather,test,6,gpt-35,806,,finished,
openweather,test,7,gpt-35,807,,finished,
openweather,test,8,gpt-35,808,,finished,
openweather,test,9,gpt-35,809,,finished,
openweather,test,10,gpt-35,810,,finished,
openweather,test,11,gpt-35,811,,finished,
openweather,test,12,gpt-35,812,,finished,
openweather,test,13,gpt-35,813,,finished,
openweather,test,14,gpt-35,814,,finished,
openweather,test,15,gpt-35,815,,finished,
openweather,test,16,gpt-35,816,,finished,
openweather,test,17,gpt-35,817,,finished,
openweather,test,18,gpt-35,818,,finished,
openweather,test,19,gpt-35,819,,finished,
openweather,test,20,gpt-35,820,,finished,
openweather,test,21,gpt-35,821,,finished,
openweather,test,22,gpt-35,822,,finished,
openweather,test,23,gpt-35,823,,finished,
openweather,test,24,gpt-35,824,,finished,
openweather,test,25,gpt-35,825,,finished,
openweather,test,26,gpt-35,826,,finished,
openweather,test,27,gpt-35,827,,finished,
openweather,test,28,gpt-35,828,,finished,
openweather,test,29,gpt-35,829,,finished,
openweather,test,30,gpt-35,830,,finished,
openweather,test,31,gpt-35,831,,finished,
openweather,test,32,gpt-35,832,,finished,
openweather,test,33,gpt-35,833,,finished,
openweather,test,34,gpt-35,834,,finished,
openweather,test,35,gpt-35,835,,finished,
openweather,test,36,gpt-35,836,,finished,
openweather,test,37,gpt-35,837,,finished,
openweather,test,38,gpt-35,838,,finished,
openweather,test,39,gpt-35,839,,finished,
openweather,test,40,gpt-35,840,,finished,
openweather,test,41,gpt-35,841,,finished,
openweather,test,42,gpt-35,842,,finished,
openweather,test,43,gpt-35,843,,finished,
openweather,test,44,gpt-35,844,,finished,
openweather,test,45,gpt-35,845,,finished,
openweather,test,46,gpt-35,846,,finished,
openweather,test,47,gpt-35,847,,finished,
openweather,test,48,gpt-35,848,,finished,
openweather,test,49,gpt-35,849,,finished,
openweather,test,50,gpt-35,850,,finished,
openweather,test,51,gpt-35,851,,finished,
openweather,test,52,gpt-35,852,,finished,
openweather,test,53,gpt-35,853,,finished,
openweather,test,54,gpt-35,854,,finished,
openweather,test,55,gpt-35,855,,finished,
openweather,test,56,gpt-35,856,,finished,
openweather,test,57,gpt-35,857,,finished,
openweather,test,58,gpt-35,858,,finished,
openweather,test,59,gpt-35,859,,finished,
openweather,test,60,gpt-35,860,,finished,
openweather,test,61,gpt-35,861,,finished,
openweather,test,62,gpt-35,862,,finished,
openweather,test,63,gpt-35,863,,finished,
openweather,test,64,gpt-35,864,,finished,
openweather,test,65,gpt-35,865,,finished,
openweather,test,66,gpt-35,866,,finished,
openweather,test,67,gpt-35,867,,finished,
openweather,test,68,gpt-35,868,,finished,
openweather,test,69,gpt-35,869,,finished,
openweather,test,70,gpt-35,870,,finished,
openweather,test,71,gpt-35,871,,finished,
openweather,test,72,gpt-35,872,,finished,
openweather,test,73,gpt-35,873,,finished,
openweather,test,74,gpt-35,874,,finished,
openweather,test,75,gpt-35,875,,finished,
openweather,test,76,gpt-35,876,,finished,
openweather,test,77,gpt-35,877,,finished,
openweather,test,78,gpt-35,878,,finished,
openweather,test,79,gpt-35,879,,finished,
openweather,test,80,gpt-35,880,,finished,
openweather,test,81,gpt-35,881,,finished,
openweather,test,82,gpt-35,882,,finished,
openweather,test,83,gpt-35,883,,finished,
openweather,test,84,gpt-35,884,,finished,
openweather,test,85,gpt-35,885,,finished,
openweather,test,86,gpt-35,886,,finished,
openweather,test,87,gpt-35,887,,finished,
openweather,test,88,gpt-35,888,,finished,
openweather,test,89,gpt-35,889,,finished,
openweather,test,90,gpt-35,890,,finished,
openweather,test,91,gpt-35,891,,finished,
openweather,test,92,gpt-35,892,,finished,
openweather,test,93,gpt-35,893,,finished,
openweather,test,94,gpt-35,894,,finished,
openweather,test,95,gpt-35,895,,finished,
openweather,test,96,gpt-35,896,,finished,
openweather,test,97,gpt-35,897,,finished,
openweather,test,98,gpt-35,898,,finished,
openweather,test,99,gpt-35,899,,finished,
openweather,test,0,llama2,900,,finished,
openweather,test,1,llama2,901,,finished,
openweather,test,2,llama2,902,,finished,
openweather,test,3,llama2,903,,finished,
openweather,test,4,llama2,904,,finished,
openweather,test,5,llama2,905,,finished,
openweather,test,6,llama2,906,,finished,
openweather,test,7,llama2,907,,finished,
openweather,test,8,llama2,908,,finished,
openweather,test,9,llama2,909,,finished,
openweather,test,10,llama2,910,,finished,
openweather,test,11,llama2,911,,finished,
openweather,test,12,llama2,912,,finished,
openweather,test,13,llama2,913,,finished,
openweather,test,14,llama2,914,,finished,
openweather,test,15,llama2,915,,finished,
openweather,test,16,llama2,916,,finished,
openweather,test,17,llama2,917,,finished,
openweather,test,18,llama2,918,,finished,
openweather,test,19,llama2,919,,finished,
openweather,test,20,llama2,920,,finished,
openweather,test,21,llama2,921,,finished,
openweather,test,22,llama2,922,,finished,
openweather,test,23,llama2,923,,finished,
openweather,test,24,llama2,924,,finished,
openweather,test,25,llama2,925,,finished,
openweather,test,26,llama2,926,,finished,
openweather,test,27,llama2,927,,finished,
openweather,test,28,llama2,928,,finished,
openweather,test,29,llama2,929,,finished,
openweather,test,30,llama2,930,,finished,
openweather,test,31,llama2,931,,finished,
openweather,test,32,llama2,932,,finished,
openweather,test,33,llama2,933,,finished,
openweather,test,34,llama2,934,,finished,
openweather,test,35,llama2,935,,finished,
openweather,test,36,llama2,936,,finished,
openweather,test,37,llama2,937,,finished,
openweather,test,38,llama2,938,,finished,
openweather,test,39,llama2,939,,finished,
openweather,test,40,llama2,940,,finished,
openweather,test,41,llama2,941,,finished,
openweather,test,42,llama2,942,,finished,
openweather,test,43,llama2,943,,finished,
openweather,test,44,llama2,944,,finished,
openweather,test,45,llama2,945,,finished,
openweather,test,46,llama2,946,,finished,
openweather,test,47,llama2,947,,finished,
openweather,test,48,llama2,948,,finished,
openweather,test,49,llama2,949,,finished,
openweather,test,50,llama2,950,,finished,
openweather,test,51,llama2,951,,finished,
openweather,test,52,llama2,952,,finished,
openweather,test,53,llama2,953,,finished,
openweather,test,54,llama2,954,,finished,
openweather,test,55,llama2,955,,finished,
openweather,test,56,llama2,956,,finished,
openweather,test,57,llama2,957,,finished,
openweather,test,58,llama2,958,,finished,
openweather,test,59,llama2,959,,finished,
openweather,test,60,llama2,960,,finished,
openweather,test,61,llama2,961,,finished,
openweather,test,62,llama2,962,,finished,
openweather,test,63,llama2,963,,finished,
openweather,test,64,llama2,964,,finished,
openweather,test,65,llama2,965,,finished,
openweather,test,66,llama2,966,,finished,
openweather,test,67,llama2,967,,finished,
openweather,test,68,llama2,968,,finished,
openweather,test,69,llama2,969,,finished,
openweather,test,70,llama2,970,,finished,
openweather,test,71,llama2,971,,finished,
openweather,test,72,llama2,972,,finished,
openweather,test,73,llama2,973,,finished,
openweather,test,74,llama2,974,,finished,
openweather,test,75,llama2,975,,finished,
openweather,test,76,llama2,976,,finished,
openweather,test,77,llama2,977,,finished,
openweather,test,78,llama2,978,,finished,
openweather,test,79,llama2,979,,finished,
openweather,test,80,llama2,980,,finished,
openweather,test,81,llama2,981,,finished,
openweather,test,82,llama2,982,,finished,
openweather,test,83,llama2,983,,finished,
openweather,test,84,llama2,984,,finished,
openweather,test,85,llama2,985,,finished,
openweather,test,86,llama2,986,,finished,
openweather,test,87,llama2,987,,finished,
openweather,test,88,llama2,988,,finished,
openweather,test,89,llama2,989,,finished,
openweather,test,90,llama2,990,,finished,
openweather,test,91,llama2,991,,finished,
openweather,test,92,llama2,992,,finished,
openweather,test,93,llama2,993,,finished,
openweather,test,94,llama2,994,,finished,
openweather,test,95,llama2,995,,finished,
openweather,test,96,llama2,996,,finished,
openweather,test,97,llama2,997,,finished,
openweather,test,98,llama2,998,,finished,
openweather,test,99,llama2,999,,finished,
openweather,test,0,mistral,1000,,finished,
openweather,test,1,mistral,1001,,finished,
openweather,test,2,mistral,1002,,finished,
openweather,test,3,mistral,1003,,finished,
openweather,test,4,mistral,1004,,finished,
openweather,test,5,mistral,1005,,finished,
openweather,test,6,mistral,1006,,finished,
openweather,test,7,mistral,1007,,finished,
openweather,test,8,mistral,1008,,finished,
openweather,test,9,mistral,1009,,finished,
openweather,test,10,mistral,1010,,finished,
openweather,test,11,mistral,1011,,finished,
openweather,test,12,mistral,1012,,finished,
openweather,test,13,mistral,1013,,finished,
openweather,test,14,mistral,1014,,finished,
openweather,test,15,mistral,1015,,finished,
openweather,test,16,mistral,1016,,finished,
openweather,test,17,mistral,1017,,finished,
openweather,test,18,mistral,1018,,finished,
openweather,test,19,mistral,1019,,finished,
openweather,test,20,mistral,1020,,finished,
openweather,test,21,mistral,1021,,finished,
openweather,test,22,mistral,1022,,finished,
openweather,test,23,mistral,1023,,finished,
openweather,test,24,mistral,1024,,finished,
openweather,test,25,mistral,1025,,finished,
openweather,test,26,mistral,1026,,finished,
openweather,test,27,mistral,1027,,finished,
openweather,test,28,mistral,1028,,finished,
openweather,test,29,mistral,1029,,finished,
openweather,test,30,mistral,1030,,finished,
openweather,test,31,mistral,1031,,finished,
openweather,test,32,mistral,1032,,finished,
openweather,test,33,mistral,1033,,finished,
openweather,test,34,mistral,1034,,finished,
openweather,test,35,mistral,1035,,finished,
openweather,test,36,mistral,1036,,finished,
openweather,test,37,mistral,1037,,finished,
openweather,test,38,mistral,1038,,finished,
openweather,test,39,mistral,1039,,finished,
openweather,test,40,mistral,1040,,finished,
openweather,test,41,mistral,1041,,finished,
openweather,test,42,mistral,1042,,finished,
openweather,test,43,mistral,1043,,finished,
openweather,test,44,mistral,1044,,finished,
openweather,test,45,mistral,1045,,finished,
openweather,test,46,mistral,1046,,finished,
openweather,test,47,mistral,1047,,finished,
openweather,test,48,mistral,1048,,finished,
openweather,test,49,mistral,1049,,finished,
openweather,test,50,mistral,1050,,finished,
openweather,test,51,mistral,1051,,finished,
openweather,test,52,mistral,1052,,finished,
openweather,test,53,mistral,1053,,finished,
openweather,test,54,mistral,1054,,finished,
openweather,test,55,mistral,1055,,finished,
openweather,test,56,mistral,1056,,finished,
openweather,test,57,mistral,1057,,finished,
openweather,test,58,mistral,1058,,finished,
openweather,test,59,mistral,1059,,finished,
openweather,test,60,mistral,1060,,finished,
openweather,test,61,mistral,1061,,finished,
openweather,test,62,mistral,1062,,finished,
openweather,test,63,mistral,1063,,finished,
openweather,test,64,mistral,1064,,finished,
openweather,test,65,mistral,1065,,finished,
openweather,test,66,mistral,1066,,finished,
openweather,test,67,mistral,1067,,finished,
openweather,test,68,mistral,1068,,finished,
openweather,test,69,mistral,1069,,finished,
openweather,test,70,mistral,1070,,finished,
openweather,test,71,mistral,1071,,finished,
openweather,test,72,mistral,1072,,finished,
openweather,test,73,mistral,1073,,finished,
openweather,test,74,mistral,1074,,finished,
openweather,test,75,mistral,1075,,finished,
openweather,test,76,mistral,1076,,finished,
openweather,test,77,mistral,1077,,finished,
openweather,test,78,mistral,1078,,finished,
openweather,test,79,mistral,1079,,finished,
openweather,test,80,mistral,1080,,finished,
openweather,test,81,mistral,1081,,finished,
openweather,test,82,mistral,1082,,finished,
openweather,test,83,mistral,1083,,finished,
openweather,test,84,mistral,1084,,finished,
openweather,test,85,mistral,1085,,finished,
openweather,test,86,mistral,1086,,finished,
openweather,test,87,mistral,1087,,finished,
openweather,test,88,mistral,1088,,finished,
openweather,test,89,mistral,1089,,finished,
openweather,test,90,mistral,1090,,finished,
openweather,test,91,mistral,1091,,finished,
openweather,test,92,mistral,1092,,finished,
openweather,test,93,mistral,1093,,finished,
openweather,test,94,mistral,1094,,finished,
openweather,test,95,mistral,1095,,finished,
openweather,test,96,mistral,1096,,finished,
openweather,test,97,mistral,1097,,finished,
openweather,test,98,mistral,1098,,finished,
openweather,test,99,mistral,1099,,finished,
openweather,test,0,zephyr,1100,,finished,
openweather,test,1,zephyr,1101,,finished,
openweather,test,2,zephyr,1102,,finished,
openweather,test,3,zephyr,1103,,finished,
openweather,test,4,zephyr,1104,,finished,
openweather,test,5,zephyr,1105,,finished,
openweather,test,6,zephyr,1106,,finished,
openweather,test,7,zephyr,1107,,finished,
openweather,test,8,zephyr,1108,,finished,
openweather,test,9,zephyr,1109,,finished,
openweather,test,10,zephyr,1110,,finished,
openweather,test,11,zephyr,1111,,finished,
openweather,test,12,zephyr,1112,,finished,
openweather,test,13,zephyr,1113,,finished,
openweather,test,14,zephyr,1114,,finished,
openweather,test,15,zephyr,1115,,finished,
openweather,test,16,zephyr,1116,,finished,
openweather,test,17,zephyr,1117,,finished,
openweather,test,18,zephyr,1118,,finished,
openweather,test,19,zephyr,1119,,finished,
openweather,test,20,zephyr,1120,,finished,
openweather,test,21,zephyr,1121,,finished,
openweather,test,22,zephyr,1122,,finished,
openweather,test,23,zephyr,1123,,finished,
openweather,test,24,zephyr,1124,,finished,
openweather,test,25,zephyr,1125,,finished,
openweather,test,26,zephyr,1126,,finished,
openweather,test,27,zephyr,1127,,finished,
openweather,test,28,zephyr,1128,,finished,
openweather,test,29,zephyr,1129,,finished,
openweather,test,30,zephyr,1130,,finished,
openweather,test,31,zephyr,1131,,finished,
openweather,test,32,zephyr,1132,,finished,
openweather,test,33,zephyr,1133,,finished,
openweather,test,34,zephyr,1134,,finished,
openweather,test,35,zephyr,1135,,finished,
openweather,test,36,zephyr,1136,,finished,
openweather,test,37,zephyr,1137,,finished,
openweather,test,38,zephyr,1138,,finished,
openweather,test,39,zephyr,1139,,finished,
openweather,test,40,zephyr,1140,,finished,
openweather,test,41,zephyr,1141,,finished,
openweather,test,42,zephyr,1142,,finished,
openweather,test,43,zephyr,1143,,finished,
openweather,test,44,zephyr,1144,,finished,
openweather,test,45,zephyr,1145,,finished,
openweather,test,46,zephyr,1146,,finished,
openweather,test,47,zephyr,1147,,finished,
openweather,test,48,zephyr,1148,,finished,
openweather,test,49,zephyr,1149,,finished,
openweather,test,50,zephyr,1150,,finished,
openweather,test,51,zephyr,1151,,finished,
openweather,test,52,zephyr,1152,,finished,
openweather,test,53,zephyr,1153,,finished,
openweather,test,54,zephyr,1154,,finished,
openweather,test,55,zephyr,1155,,finished,
openweather,test,56,zephyr,1156,,finished,
openweather,test,57,zephyr,1157,,finished,
openweather,test,58,zephyr,1158,,finished,
openweather,test,59,zephyr,1159,,finished,
openweather,test,60,zephyr,1160,,finished,
openweather,test,61,zephyr,1161,,finished,
openweather,test,62,zephyr,1162,,finished,
openweather,test,63,zephyr,1163,,finished,
openweather,test,64,zephyr,1164,,finished,
openweather,test,65,zephyr,1165,,finished,
openweather,test,66,zephyr,1166,,finished,
openweather,test,67,zephyr,1167,,finished,
openweather,test,68,zephyr,1168,,finished,
openweather,test,69,zephyr,1169,,finished,
openweather,test,70,zephyr,1170,,finished,
openweather,test,71,zephyr,1171,,finished,
openweather,test,72,zephyr,1172,,finished,
openweather,test,73,zephyr,1173,,finished,
openweather,test,74,zephyr,1174,,finished,
openweather,test,75,zephyr,1175,,finished,
openweather,test,76,zephyr,1176,,finished,
openweather,test,77,zephyr,1177,,finished,
openweather,test,78,zephyr,1178,,finished,
openweather,test,79,zephyr,1179,,finished,
openweather,test,80,zephyr,1180,,finished,
openweather,test,81,zephyr,1181,,finished,
openweather,test,82,zephyr,1182,,finished,
openweather,test,83,zephyr,1183,,finished,
openweather,test,84,zephyr,1184,,finished,
openweather,test,85,zephyr,1185,,finished,
openweather,test,86,zephyr,1186,,finished,
openweather,test,87,zephyr,1187,,finished,
openweather,test,88,zephyr,1188,,finished,
openweather,test,89,zephyr,1189,,finished,
openweather,test,90,zephyr,1190,,finished,
openweather,test,91,zephyr,1191,,finished,
openweather,test,92,zephyr,1192,,finished,
openweather,test,93,zephyr,1193,,finished,
openweather,test,94,zephyr,1194,,finished,
openweather,test,95,zephyr,1195,,finished,
openweather,test,96,zephyr,1196,,finished,
openweather,test,97,zephyr,1197,,finished,
openweather,test,98,zephyr,1198,,finished,
openweather,test,99,zephyr,1199,,finished,
owid,test,0,gpt-35,1200,,finished,
owid,test,1,gpt-35,1201,,finished,
owid,test,2,gpt-35,1202,,finished,
owid,test,3,gpt-35,1203,,finished,
owid,test,4,gpt-35,1204,,finished,
owid,test,5,gpt-35,1205,,finished,
owid,test,6,gpt-35,1206,,finished,
owid,test,7,gpt-35,1207,,finished,
owid,test,8,gpt-35,1208,,finished,
owid,test,9,gpt-35,1209,,finished,
owid,test,10,gpt-35,1210,,finished,
owid,test,11,gpt-35,1211,,finished,
owid,test,12,gpt-35,1212,,finished,
owid,test,13,gpt-35,1213,,finished,
owid,test,14,gpt-35,1214,,finished,
owid,test,15,gpt-35,1215,,finished,
owid,test,16,gpt-35,1216,,finished,
owid,test,17,gpt-35,1217,,finished,
owid,test,18,gpt-35,1218,,finished,
owid,test,19,gpt-35,1219,,finished,
owid,test,20,gpt-35,1220,,finished,
owid,test,21,gpt-35,1221,,finished,
owid,test,22,gpt-35,1222,,finished,
owid,test,23,gpt-35,1223,,finished,
owid,test,24,gpt-35,1224,,finished,
owid,test,25,gpt-35,1225,,finished,
owid,test,26,gpt-35,1226,,finished,
owid,test,27,gpt-35,1227,,finished,
owid,test,28,gpt-35,1228,,finished,
owid,test,29,gpt-35,1229,,finished,
owid,test,30,gpt-35,1230,,finished,
owid,test,31,gpt-35,1231,,finished,
owid,test,32,gpt-35,1232,,finished,
owid,test,33,gpt-35,1233,,finished,
owid,test,34,gpt-35,1234,,finished,
owid,test,35,gpt-35,1235,,finished,
owid,test,36,gpt-35,1236,,finished,
owid,test,37,gpt-35,1237,,finished,
owid,test,38,gpt-35,1238,,finished,
owid,test,39,gpt-35,1239,,finished,
owid,test,40,gpt-35,1240,,finished,
owid,test,41,gpt-35,1241,,finished,
owid,test,42,gpt-35,1242,,finished,
owid,test,43,gpt-35,1243,,finished,
owid,test,44,gpt-35,1244,,finished,
owid,test,45,gpt-35,1245,,finished,
owid,test,46,gpt-35,1246,,finished,
owid,test,47,gpt-35,1247,,finished,
owid,test,48,gpt-35,1248,,finished,
owid,test,49,gpt-35,1249,,finished,
owid,test,50,gpt-35,1250,,finished,
owid,test,51,gpt-35,1251,,finished,
owid,test,52,gpt-35,1252,,finished,
owid,test,53,gpt-35,1253,,finished,
owid,test,54,gpt-35,1254,,finished,
owid,test,55,gpt-35,1255,,finished,
owid,test,56,gpt-35,1256,,finished,
owid,test,57,gpt-35,1257,,finished,
owid,test,58,gpt-35,1258,,finished,
owid,test,59,gpt-35,1259,,finished,
owid,test,60,gpt-35,1260,,finished,
owid,test,61,gpt-35,1261,,finished,
owid,test,62,gpt-35,1262,,finished,
owid,test,63,gpt-35,1263,,finished,
owid,test,64,gpt-35,1264,,finished,
owid,test,65,gpt-35,1265,,finished,
owid,test,66,gpt-35,1266,,finished,
owid,test,67,gpt-35,1267,,finished,
owid,test,68,gpt-35,1268,,finished,
owid,test,69,gpt-35,1269,,finished,
owid,test,70,gpt-35,1270,,finished,
owid,test,71,gpt-35,1271,,finished,
owid,test,72,gpt-35,1272,,finished,
owid,test,73,gpt-35,1273,,finished,
owid,test,74,gpt-35,1274,,finished,
owid,test,75,gpt-35,1275,,finished,
owid,test,76,gpt-35,1276,,finished,
owid,test,77,gpt-35,1277,,finished,
owid,test,78,gpt-35,1278,,finished,
owid,test,79,gpt-35,1279,,finished,
owid,test,80,gpt-35,1280,,finished,
owid,test,81,gpt-35,1281,,finished,
owid,test,82,gpt-35,1282,,finished,
owid,test,83,gpt-35,1283,,finished,
owid,test,84,gpt-35,1284,,finished,
owid,test,85,gpt-35,1285,,finished,
owid,test,86,gpt-35,1286,,finished,
owid,test,87,gpt-35,1287,,finished,
owid,test,88,gpt-35,1288,,finished,
owid,test,89,gpt-35,1289,,finished,
owid,test,90,gpt-35,1290,,finished,
owid,test,91,gpt-35,1291,,finished,
owid,test,92,gpt-35,1292,,finished,
owid,test,93,gpt-35,1293,,finished,
owid,test,94,gpt-35,1294,,finished,
owid,test,95,gpt-35,1295,,finished,
owid,test,96,gpt-35,1296,,finished,
owid,test,97,gpt-35,1297,,finished,
owid,test,98,gpt-35,1298,,finished,
owid,test,99,gpt-35,1299,,finished,
owid,test,100,gpt-35,1300,,finished,
owid,test,101,gpt-35,1301,,finished,
owid,test,102,gpt-35,1302,,finished,
owid,test,103,gpt-35,1303,,finished,
owid,test,104,gpt-35,1304,,finished,
owid,test,105,gpt-35,1305,,finished,
owid,test,106,gpt-35,1306,,finished,
owid,test,107,gpt-35,1307,,finished,
owid,test,108,gpt-35,1308,,finished,
owid,test,109,gpt-35,1309,,finished,
owid,test,110,gpt-35,1310,,finished,
owid,test,111,gpt-35,1311,,finished,
owid,test,112,gpt-35,1312,,finished,
owid,test,113,gpt-35,1313,,finished,
owid,test,114,gpt-35,1314,,finished,
owid,test,115,gpt-35,1315,,finished,
owid,test,116,gpt-35,1316,,finished,
owid,test,117,gpt-35,1317,,finished,
owid,test,118,gpt-35,1318,,finished,
owid,test,119,gpt-35,1319,,finished,
owid,test,120,gpt-35,1320,,finished,
owid,test,121,gpt-35,1321,,finished,
owid,test,122,gpt-35,1322,,finished,
owid,test,123,gpt-35,1323,,finished,
owid,test,124,gpt-35,1324,,finished,
owid,test,125,gpt-35,1325,,finished,
owid,test,126,gpt-35,1326,,finished,
owid,test,127,gpt-35,1327,,finished,
owid,test,128,gpt-35,1328,,finished,
owid,test,129,gpt-35,1329,,finished,
owid,test,130,gpt-35,1330,,finished,
owid,test,131,gpt-35,1331,,finished,
owid,test,132,gpt-35,1332,,finished,
owid,test,133,gpt-35,1333,,finished,
owid,test,134,gpt-35,1334,,finished,
owid,test,135,gpt-35,1335,,finished,
owid,test,136,gpt-35,1336,,finished,
owid,test,137,gpt-35,1337,,finished,
owid,test,138,gpt-35,1338,,finished,
owid,test,139,gpt-35,1339,,finished,
owid,test,140,gpt-35,1340,,finished,
owid,test,141,gpt-35,1341,,finished,
owid,test,142,gpt-35,1342,,finished,
owid,test,143,gpt-35,1343,,finished,
owid,test,144,gpt-35,1344,,finished,
owid,test,145,gpt-35,1345,,finished,
owid,test,146,gpt-35,1346,,finished,
owid,test,147,gpt-35,1347,,finished,
owid,test,148,gpt-35,1348,,finished,
owid,test,149,gpt-35,1349,,finished,
owid,test,150,gpt-35,1350,,finished,
owid,test,151,gpt-35,1351,,finished,
owid,test,152,gpt-35,1352,,finished,
owid,test,153,gpt-35,1353,,finished,
owid,test,154,gpt-35,1354,,finished,
owid,test,155,gpt-35,1355,,finished,
owid,test,156,gpt-35,1356,,finished,
owid,test,157,gpt-35,1357,,finished,
owid,test,158,gpt-35,1358,,finished,
owid,test,159,gpt-35,1359,,finished,
owid,test,160,gpt-35,1360,,finished,
owid,test,161,gpt-35,1361,,finished,
owid,test,162,gpt-35,1362,,finished,
owid,test,163,gpt-35,1363,,finished,
owid,test,164,gpt-35,1364,,finished,
owid,test,165,gpt-35,1365,,finished,
owid,test,166,gpt-35,1366,,finished,
owid,test,167,gpt-35,1367,,finished,
owid,test,168,gpt-35,1368,,finished,
owid,test,169,gpt-35,1369,,finished,
owid,test,170,gpt-35,1370,,finished,
owid,test,171,gpt-35,1371,,finished,
owid,test,172,gpt-35,1372,,finished,
owid,test,173,gpt-35,1373,,finished,
owid,test,174,gpt-35,1374,,finished,
owid,test,175,gpt-35,1375,,finished,
owid,test,176,gpt-35,1376,,finished,
owid,test,177,gpt-35,1377,,finished,
owid,test,178,gpt-35,1378,,finished,
owid,test,179,gpt-35,1379,,finished,
owid,test,180,gpt-35,1380,,finished,
owid,test,181,gpt-35,1381,,finished,
owid,test,182,gpt-35,1382,,finished,
owid,test,183,gpt-35,1383,,finished,
owid,test,184,gpt-35,1384,,finished,
owid,test,185,gpt-35,1385,,finished,
owid,test,186,gpt-35,1386,,finished,
owid,test,187,gpt-35,1387,,finished,
owid,test,188,gpt-35,1388,,finished,
owid,test,189,gpt-35,1389,,finished,
owid,test,190,gpt-35,1390,,finished,
owid,test,191,gpt-35,1391,,finished,
owid,test,192,gpt-35,1392,,finished,
owid,test,193,gpt-35,1393,,finished,
owid,test,194,gpt-35,1394,,finished,
owid,test,195,gpt-35,1395,,finished,
owid,test,196,gpt-35,1396,,finished,
owid,test,197,gpt-35,1397,,finished,
owid,test,198,gpt-35,1398,,finished,
owid,test,199,gpt-35,1399,,finished,
owid,test,0,llama2,1400,,finished,
owid,test,1,llama2,1401,,finished,
owid,test,2,llama2,1402,,finished,
owid,test,3,llama2,1403,,finished,
owid,test,4,llama2,1404,,finished,
owid,test,5,llama2,1405,,finished,
owid,test,6,llama2,1406,,finished,
owid,test,7,llama2,1407,,finished,
owid,test,8,llama2,1408,,finished,
owid,test,9,llama2,1409,,finished,
owid,test,10,llama2,1410,,finished,
owid,test,11,llama2,1411,,finished,
owid,test,12,llama2,1412,,finished,
owid,test,13,llama2,1413,,finished,
owid,test,14,llama2,1414,,finished,
owid,test,15,llama2,1415,,finished,
owid,test,16,llama2,1416,,finished,
owid,test,17,llama2,1417,,finished,
owid,test,18,llama2,1418,,finished,
owid,test,19,llama2,1419,,finished,
owid,test,20,llama2,1420,,finished,
owid,test,21,llama2,1421,,finished,
owid,test,22,llama2,1422,,finished,
owid,test,23,llama2,1423,,finished,
owid,test,24,llama2,1424,,finished,
owid,test,25,llama2,1425,,finished,
owid,test,26,llama2,1426,,finished,
owid,test,27,llama2,1427,,finished,
owid,test,28,llama2,1428,,finished,
owid,test,29,llama2,1429,,finished,
owid,test,30,llama2,1430,,finished,
owid,test,31,llama2,1431,,finished,
owid,test,32,llama2,1432,,finished,
owid,test,33,llama2,1433,,finished,
owid,test,34,llama2,1434,,finished,
owid,test,35,llama2,1435,,finished,
owid,test,36,llama2,1436,,finished,
owid,test,37,llama2,1437,,finished,
owid,test,38,llama2,1438,,finished,
owid,test,39,llama2,1439,,finished,
owid,test,40,llama2,1440,,finished,
owid,test,41,llama2,1441,,finished,
owid,test,42,llama2,1442,,finished,
owid,test,43,llama2,1443,,finished,
owid,test,44,llama2,1444,,finished,
owid,test,45,llama2,1445,,finished,
owid,test,46,llama2,1446,,finished,
owid,test,47,llama2,1447,,finished,
owid,test,48,llama2,1448,,finished,
owid,test,49,llama2,1449,,finished,
owid,test,50,llama2,1450,,finished,
owid,test,51,llama2,1451,,finished,
owid,test,52,llama2,1452,,finished,
owid,test,53,llama2,1453,,finished,
owid,test,54,llama2,1454,,finished,
owid,test,55,llama2,1455,,finished,
owid,test,56,llama2,1456,,finished,
owid,test,57,llama2,1457,,finished,
owid,test,58,llama2,1458,,finished,
owid,test,59,llama2,1459,,finished,
owid,test,60,llama2,1460,,finished,
owid,test,61,llama2,1461,,finished,
owid,test,62,llama2,1462,,finished,
owid,test,63,llama2,1463,,finished,
owid,test,64,llama2,1464,,finished,
owid,test,65,llama2,1465,,finished,
owid,test,66,llama2,1466,,finished,
owid,test,67,llama2,1467,,finished,
owid,test,68,llama2,1468,,finished,
owid,test,69,llama2,1469,,finished,
owid,test,70,llama2,1470,,finished,
owid,test,71,llama2,1471,,finished,
owid,test,72,llama2,1472,,finished,
owid,test,73,llama2,1473,,finished,
owid,test,74,llama2,1474,,finished,
owid,test,75,llama2,1475,,finished,
owid,test,76,llama2,1476,,finished,
owid,test,77,llama2,1477,,finished,
owid,test,78,llama2,1478,,finished,
owid,test,79,llama2,1479,,finished,
owid,test,80,llama2,1480,,finished,
owid,test,81,llama2,1481,,finished,
owid,test,82,llama2,1482,,finished,
owid,test,83,llama2,1483,,finished,
owid,test,84,llama2,1484,,finished,
owid,test,85,llama2,1485,,finished,
owid,test,86,llama2,1486,,finished,
owid,test,87,llama2,1487,,finished,
owid,test,88,llama2,1488,,finished,
owid,test,89,llama2,1489,,finished,
owid,test,90,llama2,1490,,finished,
owid,test,91,llama2,1491,,finished,
owid,test,92,llama2,1492,,finished,
owid,test,93,llama2,1493,,finished,
owid,test,94,llama2,1494,,finished,
owid,test,95,llama2,1495,,finished,
owid,test,96,llama2,1496,,finished,
owid,test,97,llama2,1497,,finished,
owid,test,98,llama2,1498,,finished,
owid,test,99,llama2,1499,,finished,
owid,test,100,llama2,1500,,finished,
owid,test,101,llama2,1501,,finished,
owid,test,102,llama2,1502,,finished,
owid,test,103,llama2,1503,,finished,
owid,test,104,llama2,1504,,finished,
owid,test,105,llama2,1505,,finished,
owid,test,106,llama2,1506,,finished,
owid,test,107,llama2,1507,,finished,
owid,test,108,llama2,1508,,finished,
owid,test,109,llama2,1509,,finished,
owid,test,110,llama2,1510,,finished,
owid,test,111,llama2,1511,,finished,
owid,test,112,llama2,1512,,finished,
owid,test,113,llama2,1513,,finished,
owid,test,114,llama2,1514,,finished,
owid,test,115,llama2,1515,,finished,
owid,test,116,llama2,1516,,finished,
owid,test,117,llama2,1517,,finished,
owid,test,118,llama2,1518,,finished,
owid,test,119,llama2,1519,,finished,
owid,test,120,llama2,1520,,finished,
owid,test,121,llama2,1521,,finished,
owid,test,122,llama2,1522,,finished,
owid,test,123,llama2,1523,,finished,
owid,test,124,llama2,1524,,finished,
owid,test,125,llama2,1525,,finished,
owid,test,126,llama2,1526,,finished,
owid,test,127,llama2,1527,,finished,
owid,test,128,llama2,1528,,finished,
owid,test,129,llama2,1529,,finished,
owid,test,130,llama2,1530,,finished,
owid,test,131,llama2,1531,,finished,
owid,test,132,llama2,1532,,finished,
owid,test,133,llama2,1533,,finished,
owid,test,134,llama2,1534,,finished,
owid,test,135,llama2,1535,,finished,
owid,test,136,llama2,1536,,finished,
owid,test,137,llama2,1537,,finished,
owid,test,138,llama2,1538,,finished,
owid,test,139,llama2,1539,,finished,
owid,test,140,llama2,1540,,finished,
owid,test,141,llama2,1541,,finished,
owid,test,142,llama2,1542,,finished,
owid,test,143,llama2,1543,,finished,
owid,test,144,llama2,1544,,finished,
owid,test,145,llama2,1545,,finished,
owid,test,146,llama2,1546,,finished,
owid,test,147,llama2,1547,,finished,
owid,test,148,llama2,1548,,finished,
owid,test,149,llama2,1549,,finished,
owid,test,150,llama2,1550,,finished,
owid,test,151,llama2,1551,,finished,
owid,test,152,llama2,1552,,finished,
owid,test,153,llama2,1553,,finished,
owid,test,154,llama2,1554,,finished,
owid,test,155,llama2,1555,,finished,
owid,test,156,llama2,1556,,finished,
owid,test,157,llama2,1557,,finished,
owid,test,158,llama2,1558,,finished,
owid,test,159,llama2,1559,,finished,
owid,test,160,llama2,1560,,finished,
owid,test,161,llama2,1561,,finished,
owid,test,162,llama2,1562,,finished,
owid,test,163,llama2,1563,,finished,
owid,test,164,llama2,1564,,finished,
owid,test,165,llama2,1565,,finished,
owid,test,166,llama2,1566,,finished,
owid,test,167,llama2,1567,,finished,
owid,test,168,llama2,1568,,finished,
owid,test,169,llama2,1569,,finished,
owid,test,170,llama2,1570,,finished,
owid,test,171,llama2,1571,,finished,
owid,test,172,llama2,1572,,finished,
owid,test,173,llama2,1573,,finished,
owid,test,174,llama2,1574,,finished,
owid,test,175,llama2,1575,,finished,
owid,test,176,llama2,1576,,finished,
owid,test,177,llama2,1577,,finished,
owid,test,178,llama2,1578,,finished,
owid,test,179,llama2,1579,,finished,
owid,test,180,llama2,1580,,finished,
owid,test,181,llama2,1581,,finished,
owid,test,182,llama2,1582,,finished,
owid,test,183,llama2,1583,,finished,
owid,test,184,llama2,1584,,finished,
owid,test,185,llama2,1585,,finished,
owid,test,186,llama2,1586,,finished,
owid,test,187,llama2,1587,,finished,
owid,test,188,llama2,1588,,finished,
owid,test,189,llama2,1589,,finished,
owid,test,190,llama2,1590,,finished,
owid,test,191,llama2,1591,,finished,
owid,test,192,llama2,1592,,finished,
owid,test,193,llama2,1593,,finished,
owid,test,194,llama2,1594,,finished,
owid,test,195,llama2,1595,,finished,
owid,test,196,llama2,1596,,finished,
owid,test,197,llama2,1597,,finished,
owid,test,198,llama2,1598,,finished,
owid,test,199,llama2,1599,,finished,
owid,test,0,mistral,1600,,finished,
owid,test,1,mistral,1601,,finished,
owid,test,2,mistral,1602,,finished,
owid,test,3,mistral,1603,,finished,
owid,test,4,mistral,1604,,finished,
owid,test,5,mistral,1605,,finished,
owid,test,6,mistral,1606,,finished,
owid,test,7,mistral,1607,,finished,
owid,test,8,mistral,1608,,finished,
owid,test,9,mistral,1609,,finished,
owid,test,10,mistral,1610,,finished,
owid,test,11,mistral,1611,,finished,
owid,test,12,mistral,1612,,finished,
owid,test,13,mistral,1613,,finished,
owid,test,14,mistral,1614,,finished,
owid,test,15,mistral,1615,,finished,
owid,test,16,mistral,1616,,finished,
owid,test,17,mistral,1617,,finished,
owid,test,18,mistral,1618,,finished,
owid,test,19,mistral,1619,,finished,
owid,test,20,mistral,1620,,finished,
owid,test,21,mistral,1621,,finished,
owid,test,22,mistral,1622,,finished,
owid,test,23,mistral,1623,,finished,
owid,test,24,mistral,1624,,finished,
owid,test,25,mistral,1625,,finished,
owid,test,26,mistral,1626,,finished,
owid,test,27,mistral,1627,,finished,
owid,test,28,mistral,1628,,finished,
owid,test,29,mistral,1629,,finished,
owid,test,30,mistral,1630,,finished,
owid,test,31,mistral,1631,,finished,
owid,test,32,mistral,1632,,finished,
owid,test,33,mistral,1633,,finished,
owid,test,34,mistral,1634,,finished,
owid,test,35,mistral,1635,,finished,
owid,test,36,mistral,1636,,finished,
owid,test,37,mistral,1637,,finished,
owid,test,38,mistral,1638,,finished,
owid,test,39,mistral,1639,,finished,
owid,test,40,mistral,1640,,finished,
owid,test,41,mistral,1641,,finished,
owid,test,42,mistral,1642,,finished,
owid,test,43,mistral,1643,,finished,
owid,test,44,mistral,1644,,finished,
owid,test,45,mistral,1645,,finished,
owid,test,46,mistral,1646,,finished,
owid,test,47,mistral,1647,,finished,
owid,test,48,mistral,1648,,finished,
owid,test,49,mistral,1649,,finished,
owid,test,50,mistral,1650,,finished,
owid,test,51,mistral,1651,,finished,
owid,test,52,mistral,1652,,finished,
owid,test,53,mistral,1653,,finished,
owid,test,54,mistral,1654,,finished,
owid,test,55,mistral,1655,,finished,
owid,test,56,mistral,1656,,finished,
owid,test,57,mistral,1657,,finished,
owid,test,58,mistral,1658,,finished,
owid,test,59,mistral,1659,,finished,
owid,test,60,mistral,1660,,finished,
owid,test,61,mistral,1661,,finished,
owid,test,62,mistral,1662,,finished,
owid,test,63,mistral,1663,,finished,
owid,test,64,mistral,1664,,finished,
owid,test,65,mistral,1665,,finished,
owid,test,66,mistral,1666,,finished,
owid,test,67,mistral,1667,,finished,
owid,test,68,mistral,1668,,finished,
owid,test,69,mistral,1669,,finished,
owid,test,70,mistral,1670,,finished,
owid,test,71,mistral,1671,,finished,
owid,test,72,mistral,1672,,finished,
owid,test,73,mistral,1673,,finished,
owid,test,74,mistral,1674,,finished,
owid,test,75,mistral,1675,,finished,
owid,test,76,mistral,1676,,finished,
owid,test,77,mistral,1677,,finished,
owid,test,78,mistral,1678,,finished,
owid,test,79,mistral,1679,,finished,
owid,test,80,mistral,1680,,finished,
owid,test,81,mistral,1681,,finished,
owid,test,82,mistral,1682,,finished,
owid,test,83,mistral,1683,,finished,
owid,test,84,mistral,1684,,finished,
owid,test,85,mistral,1685,,finished,
owid,test,86,mistral,1686,,finished,
owid,test,87,mistral,1687,,finished,
owid,test,88,mistral,1688,,finished,
owid,test,89,mistral,1689,,finished,
owid,test,90,mistral,1690,,finished,
owid,test,91,mistral,1691,,finished,
owid,test,92,mistral,1692,,finished,
owid,test,93,mistral,1693,,finished,
owid,test,94,mistral,1694,,finished,
owid,test,95,mistral,1695,,finished,
owid,test,96,mistral,1696,,finished,
owid,test,97,mistral,1697,,finished,
owid,test,98,mistral,1698,,finished,
owid,test,99,mistral,1699,,finished,
owid,test,100,mistral,1700,,finished,
owid,test,101,mistral,1701,,finished,
owid,test,102,mistral,1702,,finished,
owid,test,103,mistral,1703,,finished,
owid,test,104,mistral,1704,,finished,
owid,test,105,mistral,1705,,finished,
owid,test,106,mistral,1706,,finished,
owid,test,107,mistral,1707,,finished,
owid,test,108,mistral,1708,,finished,
owid,test,109,mistral,1709,,finished,
owid,test,110,mistral,1710,,finished,
owid,test,111,mistral,1711,,finished,
owid,test,112,mistral,1712,,finished,
owid,test,113,mistral,1713,,finished,
owid,test,114,mistral,1714,,finished,
owid,test,115,mistral,1715,,finished,
owid,test,116,mistral,1716,,finished,
owid,test,117,mistral,1717,,finished,
owid,test,118,mistral,1718,,finished,
owid,test,119,mistral,1719,,finished,
owid,test,120,mistral,1720,,finished,
owid,test,121,mistral,1721,,finished,
owid,test,122,mistral,1722,,finished,
owid,test,123,mistral,1723,,finished,
owid,test,124,mistral,1724,,finished,
owid,test,125,mistral,1725,,finished,
owid,test,126,mistral,1726,,finished,
owid,test,127,mistral,1727,,finished,
owid,test,128,mistral,1728,,finished,
owid,test,129,mistral,1729,,finished,
owid,test,130,mistral,1730,,finished,
owid,test,131,mistral,1731,,finished,
owid,test,132,mistral,1732,,finished,
owid,test,133,mistral,1733,,finished,
owid,test,134,mistral,1734,,finished,
owid,test,135,mistral,1735,,finished,
owid,test,136,mistral,1736,,finished,
owid,test,137,mistral,1737,,finished,
owid,test,138,mistral,1738,,finished,
owid,test,139,mistral,1739,,finished,
owid,test,140,mistral,1740,,finished,
owid,test,141,mistral,1741,,finished,
owid,test,142,mistral,1742,,finished,
owid,test,143,mistral,1743,,finished,
owid,test,144,mistral,1744,,finished,
owid,test,145,mistral,1745,,finished,
owid,test,146,mistral,1746,,finished,
owid,test,147,mistral,1747,,finished,
owid,test,148,mistral,1748,,finished,
owid,test,149,mistral,1749,,finished,
owid,test,150,mistral,1750,,finished,
owid,test,151,mistral,1751,,finished,
owid,test,152,mistral,1752,,finished,
owid,test,153,mistral,1753,,finished,
owid,test,154,mistral,1754,,finished,
owid,test,155,mistral,1755,,finished,
owid,test,156,mistral,1756,,finished,
owid,test,157,mistral,1757,,finished,
owid,test,158,mistral,1758,,finished,
owid,test,159,mistral,1759,,finished,
owid,test,160,mistral,1760,,finished,
owid,test,161,mistral,1761,,finished,
owid,test,162,mistral,1762,,finished,
owid,test,163,mistral,1763,,finished,
owid,test,164,mistral,1764,,finished,
owid,test,165,mistral,1765,,finished,
owid,test,166,mistral,1766,,finished,
owid,test,167,mistral,1767,,finished,
owid,test,168,mistral,1768,,finished,
owid,test,169,mistral,1769,,finished,
owid,test,170,mistral,1770,,finished,
owid,test,171,mistral,1771,,finished,
owid,test,172,mistral,1772,,finished,
owid,test,173,mistral,1773,,finished,
owid,test,174,mistral,1774,,finished,
owid,test,175,mistral,1775,,finished,
owid,test,176,mistral,1776,,finished,
owid,test,177,mistral,1777,,finished,
owid,test,178,mistral,1778,,finished,
owid,test,179,mistral,1779,,finished,
owid,test,180,mistral,1780,,finished,
owid,test,181,mistral,1781,,finished,
owid,test,182,mistral,1782,,finished,
owid,test,183,mistral,1783,,finished,
owid,test,184,mistral,1784,,finished,
owid,test,185,mistral,1785,,finished,
owid,test,186,mistral,1786,,finished,
owid,test,187,mistral,1787,,finished,
owid,test,188,mistral,1788,,finished,
owid,test,189,mistral,1789,,finished,
owid,test,190,mistral,1790,,finished,
owid,test,191,mistral,1791,,finished,
owid,test,192,mistral,1792,,finished,
owid,test,193,mistral,1793,,finished,
owid,test,194,mistral,1794,,finished,
owid,test,195,mistral,1795,,finished,
owid,test,196,mistral,1796,,finished,
owid,test,197,mistral,1797,,finished,
owid,test,198,mistral,1798,,finished,
owid,test,199,mistral,1799,,finished,
owid,test,0,zephyr,1800,,finished,
owid,test,1,zephyr,1801,,finished,
owid,test,2,zephyr,1802,,finished,
owid,test,3,zephyr,1803,,finished,
owid,test,4,zephyr,1804,,finished,
owid,test,5,zephyr,1805,,finished,
owid,test,6,zephyr,1806,,finished,
owid,test,7,zephyr,1807,,finished,
owid,test,8,zephyr,1808,,finished,
owid,test,9,zephyr,1809,,finished,
owid,test,10,zephyr,1810,,finished,
owid,test,11,zephyr,1811,,finished,
owid,test,12,zephyr,1812,,finished,
owid,test,13,zephyr,1813,,finished,
owid,test,14,zephyr,1814,,finished,
owid,test,15,zephyr,1815,,finished,
owid,test,16,zephyr,1816,,finished,
owid,test,17,zephyr,1817,,finished,
owid,test,18,zephyr,1818,,finished,
owid,test,19,zephyr,1819,,finished,
owid,test,20,zephyr,1820,,finished,
owid,test,21,zephyr,1821,,finished,
owid,test,22,zephyr,1822,,finished,
owid,test,23,zephyr,1823,,finished,
owid,test,24,zephyr,1824,,finished,
owid,test,25,zephyr,1825,,finished,
owid,test,26,zephyr,1826,,finished,
owid,test,27,zephyr,1827,,finished,
owid,test,28,zephyr,1828,,finished,
owid,test,29,zephyr,1829,,finished,
owid,test,30,zephyr,1830,,finished,
owid,test,31,zephyr,1831,,finished,
owid,test,32,zephyr,1832,,finished,
owid,test,33,zephyr,1833,,finished,
owid,test,34,zephyr,1834,,finished,
owid,test,35,zephyr,1835,,finished,
owid,test,36,zephyr,1836,,finished,
owid,test,37,zephyr,1837,,finished,
owid,test,38,zephyr,1838,,finished,
owid,test,39,zephyr,1839,,finished,
owid,test,40,zephyr,1840,,finished,
owid,test,41,zephyr,1841,,finished,
owid,test,42,zephyr,1842,,finished,
owid,test,43,zephyr,1843,,finished,
owid,test,44,zephyr,1844,,finished,
owid,test,45,zephyr,1845,,finished,
owid,test,46,zephyr,1846,,finished,
owid,test,47,zephyr,1847,,finished,
owid,test,48,zephyr,1848,,finished,
owid,test,49,zephyr,1849,,finished,
owid,test,50,zephyr,1850,,finished,
owid,test,51,zephyr,1851,,finished,
owid,test,52,zephyr,1852,,finished,
owid,test,53,zephyr,1853,,finished,
owid,test,54,zephyr,1854,,finished,
owid,test,55,zephyr,1855,,finished,
owid,test,56,zephyr,1856,,finished,
owid,test,57,zephyr,1857,,finished,
owid,test,58,zephyr,1858,,finished,
owid,test,59,zephyr,1859,,finished,
owid,test,60,zephyr,1860,,finished,
owid,test,61,zephyr,1861,,finished,
owid,test,62,zephyr,1862,,finished,
owid,test,63,zephyr,1863,,finished,
owid,test,64,zephyr,1864,,finished,
owid,test,65,zephyr,1865,,finished,
owid,test,66,zephyr,1866,,finished,
owid,test,67,zephyr,1867,,finished,
owid,test,68,zephyr,1868,,finished,
owid,test,69,zephyr,1869,,finished,
owid,test,70,zephyr,1870,,finished,
owid,test,71,zephyr,1871,,finished,
owid,test,72,zephyr,1872,,finished,
owid,test,73,zephyr,1873,,finished,
owid,test,74,zephyr,1874,,finished,
owid,test,75,zephyr,1875,,finished,
owid,test,76,zephyr,1876,,finished,
owid,test,77,zephyr,1877,,finished,
owid,test,78,zephyr,1878,,finished,
owid,test,79,zephyr,1879,,finished,
owid,test,80,zephyr,1880,,finished,
owid,test,81,zephyr,1881,,finished,
owid,test,82,zephyr,1882,,finished,
owid,test,83,zephyr,1883,,finished,
owid,test,84,zephyr,1884,,finished,
owid,test,85,zephyr,1885,,finished,
owid,test,86,zephyr,1886,,finished,
owid,test,87,zephyr,1887,,finished,
owid,test,88,zephyr,1888,,finished,
owid,test,89,zephyr,1889,,finished,
owid,test,90,zephyr,1890,,finished,
owid,test,91,zephyr,1891,,finished,
owid,test,92,zephyr,1892,,finished,
owid,test,93,zephyr,1893,,finished,
owid,test,94,zephyr,1894,,finished,
owid,test,95,zephyr,1895,,finished,
owid,test,96,zephyr,1896,,finished,
owid,test,97,zephyr,1897,,finished,
owid,test,98,zephyr,1898,,finished,
owid,test,99,zephyr,1899,,finished,
owid,test,100,zephyr,1900,,finished,
owid,test,101,zephyr,1901,,finished,
owid,test,102,zephyr,1902,,finished,
owid,test,103,zephyr,1903,,finished,
owid,test,104,zephyr,1904,,finished,
owid,test,105,zephyr,1905,,finished,
owid,test,106,zephyr,1906,,finished,
owid,test,107,zephyr,1907,,finished,
owid,test,108,zephyr,1908,,finished,
owid,test,109,zephyr,1909,,finished,
owid,test,110,zephyr,1910,,finished,
owid,test,111,zephyr,1911,,finished,
owid,test,112,zephyr,1912,,finished,
owid,test,113,zephyr,1913,,finished,
owid,test,114,zephyr,1914,,finished,
owid,test,115,zephyr,1915,,finished,
owid,test,116,zephyr,1916,,finished,
owid,test,117,zephyr,1917,,finished,
owid,test,118,zephyr,1918,,finished,
owid,test,119,zephyr,1919,,finished,
owid,test,120,zephyr,1920,,finished,
owid,test,121,zephyr,1921,,finished,
owid,test,122,zephyr,1922,,finished,
owid,test,123,zephyr,1923,,finished,
owid,test,124,zephyr,1924,,finished,
owid,test,125,zephyr,1925,,finished,
owid,test,126,zephyr,1926,,finished,
owid,test,127,zephyr,1927,,finished,
owid,test,128,zephyr,1928,,finished,
owid,test,129,zephyr,1929,,finished,
owid,test,130,zephyr,1930,,finished,
owid,test,131,zephyr,1931,,finished,
owid,test,132,zephyr,1932,,finished,
owid,test,133,zephyr,1933,,finished,
owid,test,134,zephyr,1934,,finished,
owid,test,135,zephyr,1935,,finished,
owid,test,136,zephyr,1936,,finished,
owid,test,137,zephyr,1937,,finished,
owid,test,138,zephyr,1938,,finished,
owid,test,139,zephyr,1939,,finished,
owid,test,140,zephyr,1940,,finished,
owid,test,141,zephyr,1941,,finished,
owid,test,142,zephyr,1942,,finished,
owid,test,143,zephyr,1943,,finished,
owid,test,144,zephyr,1944,,finished,
owid,test,145,zephyr,1945,,finished,
owid,test,146,zephyr,1946,,finished,
owid,test,147,zephyr,1947,,finished,
owid,test,148,zephyr,1948,,finished,
owid,test,149,zephyr,1949,,finished,
owid,test,150,zephyr,1950,,finished,
owid,test,151,zephyr,1951,,finished,
owid,test,152,zephyr,1952,,finished,
owid,test,153,zephyr,1953,,finished,
owid,test,154,zephyr,1954,,finished,
owid,test,155,zephyr,1955,,finished,
owid,test,156,zephyr,1956,,finished,
owid,test,157,zephyr,1957,,finished,
owid,test,158,zephyr,1958,,finished,
owid,test,159,zephyr,1959,,finished,
owid,test,160,zephyr,1960,,finished,
owid,test,161,zephyr,1961,,finished,
owid,test,162,zephyr,1962,,finished,
owid,test,163,zephyr,1963,,finished,
owid,test,164,zephyr,1964,,finished,
owid,test,165,zephyr,1965,,finished,
owid,test,166,zephyr,1966,,finished,
owid,test,167,zephyr,1967,,finished,
owid,test,168,zephyr,1968,,finished,
owid,test,169,zephyr,1969,,finished,
owid,test,170,zephyr,1970,,finished,
owid,test,171,zephyr,1971,,finished,
owid,test,172,zephyr,1972,,finished,
owid,test,173,zephyr,1973,,finished,
owid,test,174,zephyr,1974,,finished,
owid,test,175,zephyr,1975,,finished,
owid,test,176,zephyr,1976,,finished,
owid,test,177,zephyr,1977,,finished,
owid,test,178,zephyr,1978,,finished,
owid,test,179,zephyr,1979,,finished,
owid,test,180,zephyr,1980,,finished,
owid,test,181,zephyr,1981,,finished,
owid,test,182,zephyr,1982,,finished,
owid,test,183,zephyr,1983,,finished,
owid,test,184,zephyr,1984,,finished,
owid,test,185,zephyr,1985,,finished,
owid,test,186,zephyr,1986,,finished,
owid,test,187,zephyr,1987,,finished,
owid,test,188,zephyr,1988,,finished,
owid,test,189,zephyr,1989,,finished,
owid,test,190,zephyr,1990,,finished,
owid,test,191,zephyr,1991,,finished,
owid,test,192,zephyr,1992,,finished,
owid,test,193,zephyr,1993,,finished,
owid,test,194,zephyr,1994,,finished,
owid,test,195,zephyr,1995,,finished,
owid,test,196,zephyr,1996,,finished,
owid,test,197,zephyr,1997,,finished,
owid,test,198,zephyr,1998,,finished,
owid,test,199,zephyr,1999,,finished,
wikidata,test,0,gpt-35,2000,,finished,
wikidata,test,1,gpt-35,2001,,finished,
wikidata,test,2,gpt-35,2002,,finished,
wikidata,test,3,gpt-35,2003,,finished,
wikidata,test,4,gpt-35,2004,,finished,
wikidata,test,5,gpt-35,2005,,finished,
wikidata,test,6,gpt-35,2006,,finished,
wikidata,test,7,gpt-35,2007,,finished,
wikidata,test,8,gpt-35,2008,,finished,
wikidata,test,9,gpt-35,2009,,finished,
wikidata,test,10,gpt-35,2010,,finished,
wikidata,test,11,gpt-35,2011,,finished,
wikidata,test,12,gpt-35,2012,,finished,
wikidata,test,13,gpt-35,2013,,finished,
wikidata,test,14,gpt-35,2014,,finished,
wikidata,test,15,gpt-35,2015,,finished,
wikidata,test,16,gpt-35,2016,,finished,
wikidata,test,17,gpt-35,2017,,finished,
wikidata,test,18,gpt-35,2018,,finished,
wikidata,test,19,gpt-35,2019,,finished,
wikidata,test,20,gpt-35,2020,,finished,
wikidata,test,21,gpt-35,2021,,finished,
wikidata,test,22,gpt-35,2022,,finished,
wikidata,test,23,gpt-35,2023,,finished,
wikidata,test,24,gpt-35,2024,,finished,
wikidata,test,25,gpt-35,2025,,finished,
wikidata,test,26,gpt-35,2026,,finished,
wikidata,test,27,gpt-35,2027,,finished,
wikidata,test,28,gpt-35,2028,,finished,
wikidata,test,29,gpt-35,2029,,finished,
wikidata,test,30,gpt-35,2030,,finished,
wikidata,test,31,gpt-35,2031,,finished,
wikidata,test,32,gpt-35,2032,,finished,
wikidata,test,33,gpt-35,2033,,finished,
wikidata,test,34,gpt-35,2034,,finished,
wikidata,test,35,gpt-35,2035,,finished,
wikidata,test,36,gpt-35,2036,,finished,
wikidata,test,37,gpt-35,2037,,finished,
wikidata,test,38,gpt-35,2038,,finished,
wikidata,test,39,gpt-35,2039,,finished,
wikidata,test,40,gpt-35,2040,,finished,
wikidata,test,41,gpt-35,2041,,finished,
wikidata,test,42,gpt-35,2042,,finished,
wikidata,test,43,gpt-35,2043,,finished,
wikidata,test,44,gpt-35,2044,,finished,
wikidata,test,45,gpt-35,2045,,finished,
wikidata,test,46,gpt-35,2046,,finished,
wikidata,test,47,gpt-35,2047,,finished,
wikidata,test,48,gpt-35,2048,,finished,
wikidata,test,49,gpt-35,2049,,finished,
wikidata,test,50,gpt-35,2050,,finished,
wikidata,test,51,gpt-35,2051,,finished,
wikidata,test,52,gpt-35,2052,,finished,
wikidata,test,53,gpt-35,2053,,finished,
wikidata,test,54,gpt-35,2054,,finished,
wikidata,test,55,gpt-35,2055,,finished,
wikidata,test,56,gpt-35,2056,,finished,
wikidata,test,57,gpt-35,2057,,finished,
wikidata,test,58,gpt-35,2058,,finished,
wikidata,test,59,gpt-35,2059,,finished,
wikidata,test,60,gpt-35,2060,,finished,
wikidata,test,61,gpt-35,2061,,finished,
wikidata,test,62,gpt-35,2062,,finished,
wikidata,test,63,gpt-35,2063,,finished,
wikidata,test,64,gpt-35,2064,,finished,
wikidata,test,65,gpt-35,2065,,finished,
wikidata,test,66,gpt-35,2066,,finished,
wikidata,test,67,gpt-35,2067,,finished,
wikidata,test,68,gpt-35,2068,,finished,
wikidata,test,69,gpt-35,2069,,finished,
wikidata,test,70,gpt-35,2070,,finished,
wikidata,test,71,gpt-35,2071,,finished,
wikidata,test,72,gpt-35,2072,,finished,
wikidata,test,73,gpt-35,2073,,finished,
wikidata,test,74,gpt-35,2074,,finished,
wikidata,test,75,gpt-35,2075,,finished,
wikidata,test,76,gpt-35,2076,,finished,
wikidata,test,77,gpt-35,2077,,finished,
wikidata,test,78,gpt-35,2078,,finished,
wikidata,test,79,gpt-35,2079,,finished,
wikidata,test,80,gpt-35,2080,,finished,
wikidata,test,81,gpt-35,2081,,finished,
wikidata,test,82,gpt-35,2082,,finished,
wikidata,test,83,gpt-35,2083,,finished,
wikidata,test,84,gpt-35,2084,,finished,
wikidata,test,85,gpt-35,2085,,finished,
wikidata,test,86,gpt-35,2086,,finished,
wikidata,test,87,gpt-35,2087,,finished,
wikidata,test,88,gpt-35,2088,,finished,
wikidata,test,89,gpt-35,2089,,finished,
wikidata,test,90,gpt-35,2090,,finished,
wikidata,test,91,gpt-35,2091,,finished,
wikidata,test,92,gpt-35,2092,,finished,
wikidata,test,93,gpt-35,2093,,finished,
wikidata,test,94,gpt-35,2094,,finished,
wikidata,test,95,gpt-35,2095,,finished,
wikidata,test,96,gpt-35,2096,,finished,
wikidata,test,97,gpt-35,2097,,finished,
wikidata,test,98,gpt-35,2098,,finished,
wikidata,test,99,gpt-35,2099,,finished,
wikidata,test,0,llama2,2100,,finished,
wikidata,test,1,llama2,2101,,finished,
wikidata,test,2,llama2,2102,,finished,
wikidata,test,3,llama2,2103,,finished,
wikidata,test,4,llama2,2104,,finished,
wikidata,test,5,llama2,2105,,finished,
wikidata,test,6,llama2,2106,,finished,
wikidata,test,7,llama2,2107,,finished,
wikidata,test,8,llama2,2108,,finished,
wikidata,test,9,llama2,2109,,finished,
wikidata,test,10,llama2,2110,,finished,
wikidata,test,11,llama2,2111,,finished,
wikidata,test,12,llama2,2112,,finished,
wikidata,test,13,llama2,2113,,finished,
wikidata,test,14,llama2,2114,,finished,
wikidata,test,15,llama2,2115,,finished,
wikidata,test,16,llama2,2116,,finished,
wikidata,test,17,llama2,2117,,finished,
wikidata,test,18,llama2,2118,,finished,
wikidata,test,19,llama2,2119,,finished,
wikidata,test,20,llama2,2120,,finished,
wikidata,test,21,llama2,2121,,finished,
wikidata,test,22,llama2,2122,,finished,
wikidata,test,23,llama2,2123,,finished,
wikidata,test,24,llama2,2124,,finished,
wikidata,test,25,llama2,2125,,finished,
wikidata,test,26,llama2,2126,,finished,
wikidata,test,27,llama2,2127,,finished,
wikidata,test,28,llama2,2128,,finished,
wikidata,test,29,llama2,2129,,finished,
wikidata,test,30,llama2,2130,,finished,
wikidata,test,31,llama2,2131,,finished,
wikidata,test,32,llama2,2132,,finished,
wikidata,test,33,llama2,2133,,finished,
wikidata,test,34,llama2,2134,,finished,
wikidata,test,35,llama2,2135,,finished,
wikidata,test,36,llama2,2136,,finished,
wikidata,test,37,llama2,2137,,finished,
wikidata,test,38,llama2,2138,,finished,
wikidata,test,39,llama2,2139,,finished,
wikidata,test,40,llama2,2140,,finished,
wikidata,test,41,llama2,2141,,finished,
wikidata,test,42,llama2,2142,,finished,
wikidata,test,43,llama2,2143,,finished,
wikidata,test,44,llama2,2144,,finished,
wikidata,test,45,llama2,2145,,finished,
wikidata,test,46,llama2,2146,,finished,
wikidata,test,47,llama2,2147,,finished,
wikidata,test,48,llama2,2148,,finished,
wikidata,test,49,llama2,2149,,finished,
wikidata,test,50,llama2,2150,,finished,
wikidata,test,51,llama2,2151,,finished,
wikidata,test,52,llama2,2152,,finished,
wikidata,test,53,llama2,2153,,finished,
wikidata,test,54,llama2,2154,,finished,
wikidata,test,55,llama2,2155,,finished,
wikidata,test,56,llama2,2156,,finished,
wikidata,test,57,llama2,2157,,finished,
wikidata,test,58,llama2,2158,,finished,
wikidata,test,59,llama2,2159,,finished,
wikidata,test,60,llama2,2160,,finished,
wikidata,test,61,llama2,2161,,finished,
wikidata,test,62,llama2,2162,,finished,
wikidata,test,63,llama2,2163,,finished,
wikidata,test,64,llama2,2164,,finished,
wikidata,test,65,llama2,2165,,finished,
wikidata,test,66,llama2,2166,,finished,
wikidata,test,67,llama2,2167,,finished,
wikidata,test,68,llama2,2168,,finished,
wikidata,test,69,llama2,2169,,finished,
wikidata,test,70,llama2,2170,,finished,
wikidata,test,71,llama2,2171,,finished,
wikidata,test,72,llama2,2172,,finished,
wikidata,test,73,llama2,2173,,finished,
wikidata,test,74,llama2,2174,,finished,
wikidata,test,75,llama2,2175,,finished,
wikidata,test,76,llama2,2176,,finished,
wikidata,test,77,llama2,2177,,finished,
wikidata,test,78,llama2,2178,,finished,
wikidata,test,79,llama2,2179,,finished,
wikidata,test,80,llama2,2180,,finished,
wikidata,test,81,llama2,2181,,finished,
wikidata,test,82,llama2,2182,,finished,
wikidata,test,83,llama2,2183,,finished,
wikidata,test,84,llama2,2184,,finished,
wikidata,test,85,llama2,2185,,finished,
wikidata,test,86,llama2,2186,,finished,
wikidata,test,87,llama2,2187,,finished,
wikidata,test,88,llama2,2188,,finished,
wikidata,test,89,llama2,2189,,finished,
wikidata,test,90,llama2,2190,,finished,
wikidata,test,91,llama2,2191,,finished,
wikidata,test,92,llama2,2192,,finished,
wikidata,test,93,llama2,2193,,finished,
wikidata,test,94,llama2,2194,,finished,
wikidata,test,95,llama2,2195,,finished,
wikidata,test,96,llama2,2196,,finished,
wikidata,test,97,llama2,2197,,finished,
wikidata,test,98,llama2,2198,,finished,
wikidata,test,99,llama2,2199,,finished,
wikidata,test,0,mistral,2200,,finished,
wikidata,test,1,mistral,2201,,finished,
wikidata,test,2,mistral,2202,,finished,
wikidata,test,3,mistral,2203,,finished,
wikidata,test,4,mistral,2204,,finished,
wikidata,test,5,mistral,2205,,finished,
wikidata,test,6,mistral,2206,,finished,
wikidata,test,7,mistral,2207,,finished,
wikidata,test,8,mistral,2208,,finished,
wikidata,test,9,mistral,2209,,finished,
wikidata,test,10,mistral,2210,,finished,
wikidata,test,11,mistral,2211,,finished,
wikidata,test,12,mistral,2212,,finished,
wikidata,test,13,mistral,2213,,finished,
wikidata,test,14,mistral,2214,,finished,
wikidata,test,15,mistral,2215,,finished,
wikidata,test,16,mistral,2216,,finished,
wikidata,test,17,mistral,2217,,finished,
wikidata,test,18,mistral,2218,,finished,
wikidata,test,19,mistral,2219,,finished,
wikidata,test,20,mistral,2220,,finished,
wikidata,test,21,mistral,2221,,finished,
wikidata,test,22,mistral,2222,,finished,
wikidata,test,23,mistral,2223,,finished,
wikidata,test,24,mistral,2224,,finished,
wikidata,test,25,mistral,2225,,finished,
wikidata,test,26,mistral,2226,,finished,
wikidata,test,27,mistral,2227,,finished,
wikidata,test,28,mistral,2228,,finished,
wikidata,test,29,mistral,2229,,finished,
wikidata,test,30,mistral,2230,,finished,
wikidata,test,31,mistral,2231,,finished,
wikidata,test,32,mistral,2232,,finished,
wikidata,test,33,mistral,2233,,finished,
wikidata,test,34,mistral,2234,,finished,
wikidata,test,35,mistral,2235,,finished,
wikidata,test,36,mistral,2236,,finished,
wikidata,test,37,mistral,2237,,finished,
wikidata,test,38,mistral,2238,,finished,
wikidata,test,39,mistral,2239,,finished,
wikidata,test,40,mistral,2240,,finished,
wikidata,test,41,mistral,2241,,finished,
wikidata,test,42,mistral,2242,,finished,
wikidata,test,43,mistral,2243,,finished,
wikidata,test,44,mistral,2244,,finished,
wikidata,test,45,mistral,2245,,finished,
wikidata,test,46,mistral,2246,,finished,
wikidata,test,47,mistral,2247,,finished,
wikidata,test,48,mistral,2248,,finished,
wikidata,test,49,mistral,2249,,finished,
wikidata,test,50,mistral,2250,,finished,
wikidata,test,51,mistral,2251,,finished,
wikidata,test,52,mistral,2252,,finished,
wikidata,test,53,mistral,2253,,finished,
wikidata,test,54,mistral,2254,,finished,
wikidata,test,55,mistral,2255,,finished,
wikidata,test,56,mistral,2256,,finished,
wikidata,test,57,mistral,2257,,finished,
wikidata,test,58,mistral,2258,,finished,
wikidata,test,59,mistral,2259,,finished,
wikidata,test,60,mistral,2260,,finished,
wikidata,test,61,mistral,2261,,finished,
wikidata,test,62,mistral,2262,,finished,
wikidata,test,63,mistral,2263,,finished,
wikidata,test,64,mistral,2264,,finished,
wikidata,test,65,mistral,2265,,finished,
wikidata,test,66,mistral,2266,,finished,
wikidata,test,67,mistral,2267,,finished,
wikidata,test,68,mistral,2268,,finished,
wikidata,test,69,mistral,2269,,finished,
wikidata,test,70,mistral,2270,,finished,
wikidata,test,71,mistral,2271,,finished,
wikidata,test,72,mistral,2272,,finished,
wikidata,test,73,mistral,2273,,finished,
wikidata,test,74,mistral,2274,,finished,
wikidata,test,75,mistral,2275,,finished,
wikidata,test,76,mistral,2276,,finished,
wikidata,test,77,mistral,2277,,finished,
wikidata,test,78,mistral,2278,,finished,
wikidata,test,79,mistral,2279,,finished,
wikidata,test,80,mistral,2280,,finished,
wikidata,test,81,mistral,2281,,finished,
wikidata,test,82,mistral,2282,,finished,
wikidata,test,83,mistral,2283,,finished,
wikidata,test,84,mistral,2284,,finished,
wikidata,test,85,mistral,2285,,finished,
wikidata,test,86,mistral,2286,,finished,
wikidata,test,87,mistral,2287,,finished,
wikidata,test,88,mistral,2288,,finished,
wikidata,test,89,mistral,2289,,finished,
wikidata,test,90,mistral,2290,,finished,
wikidata,test,91,mistral,2291,,finished,
wikidata,test,92,mistral,2292,,finished,
wikidata,test,93,mistral,2293,,finished,
wikidata,test,94,mistral,2294,,finished,
wikidata,test,95,mistral,2295,,finished,
wikidata,test,96,mistral,2296,,finished,
wikidata,test,97,mistral,2297,,finished,
wikidata,test,98,mistral,2298,,finished,
wikidata,test,99,mistral,2299,,finished,
wikidata,test,0,zephyr,2300,,finished,
wikidata,test,1,zephyr,2301,,finished,
wikidata,test,2,zephyr,2302,,finished,
wikidata,test,3,zephyr,2303,,finished,
wikidata,test,4,zephyr,2304,,finished,
wikidata,test,5,zephyr,2305,,finished,
wikidata,test,6,zephyr,2306,,finished,
wikidata,test,7,zephyr,2307,,finished,
wikidata,test,8,zephyr,2308,,finished,
wikidata,test,9,zephyr,2309,,finished,
wikidata,test,10,zephyr,2310,,finished,
wikidata,test,11,zephyr,2311,,finished,
wikidata,test,12,zephyr,2312,,finished,
wikidata,test,13,zephyr,2313,,finished,
wikidata,test,14,zephyr,2314,,finished,
wikidata,test,15,zephyr,2315,,finished,
wikidata,test,16,zephyr,2316,,finished,
wikidata,test,17,zephyr,2317,,finished,
wikidata,test,18,zephyr,2318,,finished,
wikidata,test,19,zephyr,2319,,finished,
wikidata,test,20,zephyr,2320,,finished,
wikidata,test,21,zephyr,2321,,finished,
wikidata,test,22,zephyr,2322,,finished,
wikidata,test,23,zephyr,2323,,finished,
wikidata,test,24,zephyr,2324,,finished,
wikidata,test,25,zephyr,2325,,finished,
wikidata,test,26,zephyr,2326,,finished,
wikidata,test,27,zephyr,2327,,finished,
wikidata,test,28,zephyr,2328,,finished,
wikidata,test,29,zephyr,2329,,finished,
wikidata,test,30,zephyr,2330,,finished,
wikidata,test,31,zephyr,2331,,finished,
wikidata,test,32,zephyr,2332,,finished,
wikidata,test,33,zephyr,2333,,finished,
wikidata,test,34,zephyr,2334,,finished,
wikidata,test,35,zephyr,2335,,finished,
wikidata,test,36,zephyr,2336,,finished,
wikidata,test,37,zephyr,2337,,finished,
wikidata,test,38,zephyr,2338,,finished,
wikidata,test,39,zephyr,2339,,finished,
wikidata,test,40,zephyr,2340,,finished,
wikidata,test,41,zephyr,2341,,finished,
wikidata,test,42,zephyr,2342,,finished,
wikidata,test,43,zephyr,2343,,finished,
wikidata,test,44,zephyr,2344,,finished,
wikidata,test,45,zephyr,2345,,finished,
wikidata,test,46,zephyr,2346,,finished,
wikidata,test,47,zephyr,2347,,finished,
wikidata,test,48,zephyr,2348,,finished,
wikidata,test,49,zephyr,2349,,finished,
wikidata,test,50,zephyr,2350,,finished,
wikidata,test,51,zephyr,2351,,finished,
wikidata,test,52,zephyr,2352,,finished,
wikidata,test,53,zephyr,2353,,finished,
wikidata,test,54,zephyr,2354,,finished,
wikidata,test,55,zephyr,2355,,finished,
wikidata,test,56,zephyr,2356,,finished,
wikidata,test,57,zephyr,2357,,finished,
wikidata,test,58,zephyr,2358,,finished,
wikidata,test,59,zephyr,2359,,finished,
wikidata,test,60,zephyr,2360,,finished,
wikidata,test,61,zephyr,2361,,finished,
wikidata,test,62,zephyr,2362,,finished,
wikidata,test,63,zephyr,2363,,finished,
wikidata,test,64,zephyr,2364,,finished,
wikidata,test,65,zephyr,2365,,finished,
wikidata,test,66,zephyr,2366,,finished,
wikidata,test,67,zephyr,2367,,finished,
wikidata,test,68,zephyr,2368,,finished,
wikidata,test,69,zephyr,2369,,finished,
wikidata,test,70,zephyr,2370,,finished,
wikidata,test,71,zephyr,2371,,finished,
wikidata,test,72,zephyr,2372,,finished,
wikidata,test,73,zephyr,2373,,finished,
wikidata,test,74,zephyr,2374,,finished,
wikidata,test,75,zephyr,2375,,finished,
wikidata,test,76,zephyr,2376,,finished,
wikidata,test,77,zephyr,2377,,finished,
wikidata,test,78,zephyr,2378,,finished,
wikidata,test,79,zephyr,2379,,finished,
wikidata,test,80,zephyr,2380,,finished,
wikidata,test,81,zephyr,2381,,finished,
wikidata,test,82,zephyr,2382,,finished,
wikidata,test,83,zephyr,2383,,finished,
wikidata,test,84,zephyr,2384,,finished,
wikidata,test,85,zephyr,2385,,finished,
wikidata,test,86,zephyr,2386,,finished,
wikidata,test,87,zephyr,2387,,finished,
wikidata,test,88,zephyr,2388,,finished,
wikidata,test,89,zephyr,2389,,finished,
wikidata,test,90,zephyr,2390,,finished,
wikidata,test,91,zephyr,2391,,finished,
wikidata,test,92,zephyr,2392,,finished,
wikidata,test,93,zephyr,2393,,finished,
wikidata,test,94,zephyr,2394,,finished,
wikidata,test,95,zephyr,2395,,finished,
wikidata,test,96,zephyr,2396,,finished,
wikidata,test,97,zephyr,2397,,finished,
wikidata,test,98,zephyr,2398,,finished,
wikidata,test,99,zephyr,2399,,finished,
